ISO-10303-21;
HEADER;
/* Generated by software containing ST-Developer
 * from STEP Tools, Inc. (www.steptools.com) 
 */

FILE_DESCRIPTION(
/* description */ (''),
/* implementation_level */ '2;1');

FILE_NAME(
/* name */ 'base.step',
/* time_stamp */ '2026-09-26T23:21:24+05:30',
/* author */ (''),
/* organization */ (''),
/* preprocessor_version */ 'ST-DEVELOPER v20.2',
/* originating_system */ 'Autodesk Translation Framework v15.15.0.0',
/* authorisation */ '');

FILE_SCHEMA (('AUTOMOTIVE_DESIGN { 1 0 10303 214 3 1 1 }'));
ENDSEC;

DATA;
#10=MECHANICAL_DESIGN_GEOMETRIC_PRESENTATION_REPRESENTATION('',(#13),#2998);
#11=SHAPE_REPRESENTATION_RELATIONSHIP('SRR','None',#3005,#12);
#12=ADVANCED_BREP_SHAPE_REPRESENTATION('',(#14),#2997);
#13=STYLED_ITEM('',(#3014),#14);
#14=MANIFOLD_SOLID_BREP('Body8',#1758);
#15=ELLIPSE('',#1872,2.03085325403356,2.00000002980232);
#16=ELLIPSE('',#1874,2.03085325403356,2.00000002980232);
#17=ELLIPSE('',#1876,2.03085325403356,2.00000002980232);
#18=ELLIPSE('',#1878,2.03085325403356,2.00000002980232);
#19=ELLIPSE('',#1885,2.03085325403356,2.00000002980232);
#20=ELLIPSE('',#1917,2.03085322377149,2.);
#21=ELLIPSE('',#1919,2.03085322377149,2.);
#22=ELLIPSE('',#1922,2.03085322377149,2.);
#23=ELLIPSE('',#1925,2.03085322377149,2.);
#24=ELLIPSE('',#1944,3.55399314160011,3.5);
#25=ELLIPSE('',#1945,3.55399314160011,3.5);
#26=ELLIPSE('',#1946,3.55399314160011,3.5);
#27=ELLIPSE('',#1947,3.55399314160011,3.5);
#28=LINE('',#2495,#185);
#29=LINE('',#2500,#186);
#30=LINE('',#2511,#187);
#31=LINE('',#2516,#188);
#32=LINE('',#2527,#189);
#33=LINE('',#2531,#190);
#34=LINE('',#2535,#191);
#35=LINE('',#2537,#192);
#36=LINE('',#2539,#193);
#37=LINE('',#2540,#194);
#38=LINE('',#2543,#195);
#39=LINE('',#2545,#196);
#40=LINE('',#2546,#197);
#41=LINE('',#2549,#198);
#42=LINE('',#2551,#199);
#43=LINE('',#2552,#200);
#44=LINE('',#2554,#201);
#45=LINE('',#2555,#202);
#46=LINE('',#2559,#203);
#47=LINE('',#2565,#204);
#48=LINE('',#2569,#205);
#49=LINE('',#2573,#206);
#50=LINE('',#2577,#207);
#51=LINE('',#2581,#208);
#52=LINE('',#2583,#209);
#53=LINE('',#2587,#210);
#54=LINE('',#2589,#211);
#55=LINE('',#2593,#212);
#56=LINE('',#2597,#213);
#57=LINE('',#2605,#214);
#58=LINE('',#2609,#215);
#59=LINE('',#2613,#216);
#60=LINE('',#2617,#217);
#61=LINE('',#2629,#218);
#62=LINE('',#2631,#219);
#63=LINE('',#2632,#220);
#64=LINE('',#2635,#221);
#65=LINE('',#2639,#222);
#66=LINE('',#2642,#223);
#67=LINE('',#2645,#224);
#68=LINE('',#2648,#225);
#69=LINE('',#2651,#226);
#70=LINE('',#2652,#227);
#71=LINE('',#2657,#228);
#72=LINE('',#2661,#229);
#73=LINE('',#2662,#230);
#74=LINE('',#2666,#231);
#75=LINE('',#2672,#232);
#76=LINE('',#2675,#233);
#77=LINE('',#2678,#234);
#78=LINE('',#2680,#235);
#79=LINE('',#2681,#236);
#80=LINE('',#2687,#237);
#81=LINE('',#2690,#238);
#82=LINE('',#2692,#239);
#83=LINE('',#2693,#240);
#84=LINE('',#2699,#241);
#85=LINE('',#2702,#242);
#86=LINE('',#2704,#243);
#87=LINE('',#2705,#244);
#88=LINE('',#2710,#245);
#89=LINE('',#2713,#246);
#90=LINE('',#2714,#247);
#91=LINE('',#2717,#248);
#92=LINE('',#2719,#249);
#93=LINE('',#2727,#250);
#94=LINE('',#2731,#251);
#95=LINE('',#2734,#252);
#96=LINE('',#2736,#253);
#97=LINE('',#2738,#254);
#98=LINE('',#2740,#255);
#99=LINE('',#2741,#256);
#100=LINE('',#2745,#257);
#101=LINE('',#2751,#258);
#102=LINE('',#2755,#259);
#103=LINE('',#2759,#260);
#104=LINE('',#2762,#261);
#105=LINE('',#2782,#262);
#106=LINE('',#2786,#263);
#107=LINE('',#2790,#264);
#108=LINE('',#2793,#265);
#109=LINE('',#2798,#266);
#110=LINE('',#2800,#267);
#111=LINE('',#2802,#268);
#112=LINE('',#2804,#269);
#113=LINE('',#2806,#270);
#114=LINE('',#2807,#271);
#115=LINE('',#2809,#272);
#116=LINE('',#2811,#273);
#117=LINE('',#2813,#274);
#118=LINE('',#2815,#275);
#119=LINE('',#2817,#276);
#120=LINE('',#2819,#277);
#121=LINE('',#2822,#278);
#122=LINE('',#2825,#279);
#123=LINE('',#2828,#280);
#124=LINE('',#2832,#281);
#125=LINE('',#2834,#282);
#126=LINE('',#2836,#283);
#127=LINE('',#2837,#284);
#128=LINE('',#2840,#285);
#129=LINE('',#2841,#286);
#130=LINE('',#2844,#287);
#131=LINE('',#2845,#288);
#132=LINE('',#2850,#289);
#133=LINE('',#2851,#290);
#134=LINE('',#2856,#291);
#135=LINE('',#2858,#292);
#136=LINE('',#2859,#293);
#137=LINE('',#2862,#294);
#138=LINE('',#2863,#295);
#139=LINE('',#2866,#296);
#140=LINE('',#2867,#297);
#141=LINE('',#2870,#298);
#142=LINE('',#2872,#299);
#143=LINE('',#2874,#300);
#144=LINE('',#2875,#301);
#145=LINE('',#2877,#302);
#146=LINE('',#2881,#303);
#147=LINE('',#2885,#304);
#148=LINE('',#2889,#305);
#149=LINE('',#2892,#306);
#150=LINE('',#2901,#307);
#151=LINE('',#2902,#308);
#152=LINE('',#2905,#309);
#153=LINE('',#2906,#310);
#154=LINE('',#2910,#311);
#155=LINE('',#2913,#312);
#156=LINE('',#2914,#313);
#157=LINE('',#2920,#314);
#158=LINE('',#2925,#315);
#159=LINE('',#2926,#316);
#160=LINE('',#2929,#317);
#161=LINE('',#2930,#318);
#162=LINE('',#2934,#319);
#163=LINE('',#2937,#320);
#164=LINE('',#2938,#321);
#165=LINE('',#2942,#322);
#166=LINE('',#2945,#323);
#167=LINE('',#2946,#324);
#168=LINE('',#2950,#325);
#169=LINE('',#2952,#326);
#170=LINE('',#2957,#327);
#171=LINE('',#2959,#328);
#172=LINE('',#2962,#329);
#173=LINE('',#2967,#330);
#174=LINE('',#2971,#331);
#175=LINE('',#2975,#332);
#176=LINE('',#2978,#333);
#177=LINE('',#2979,#334);
#178=LINE('',#2981,#335);
#179=LINE('',#2983,#336);
#180=LINE('',#2985,#337);
#181=LINE('',#2987,#338);
#182=LINE('',#2989,#339);
#183=LINE('',#2991,#340);
#184=LINE('',#2994,#341);
#185=VECTOR('',#1969,1.);
#186=VECTOR('',#1974,1.35);
#187=VECTOR('',#1989,1.);
#188=VECTOR('',#1994,1.35);
#189=VECTOR('',#2009,1.35);
#190=VECTOR('',#2014,1.35);
#191=VECTOR('',#2017,10.);
#192=VECTOR('',#2018,10.);
#193=VECTOR('',#2019,10.);
#194=VECTOR('',#2020,10.);
#195=VECTOR('',#2023,10.);
#196=VECTOR('',#2024,10.);
#197=VECTOR('',#2025,10.);
#198=VECTOR('',#2028,10.);
#199=VECTOR('',#2029,10.);
#200=VECTOR('',#2030,10.);
#201=VECTOR('',#2033,10.);
#202=VECTOR('',#2034,10.);
#203=VECTOR('',#2037,10.);
#204=VECTOR('',#2042,10.);
#205=VECTOR('',#2045,10.);
#206=VECTOR('',#2048,10.);
#207=VECTOR('',#2051,10.);
#208=VECTOR('',#2054,10.);
#209=VECTOR('',#2055,10.);
#210=VECTOR('',#2058,10.);
#211=VECTOR('',#2059,10.);
#212=VECTOR('',#2062,10.);
#213=VECTOR('',#2065,10.);
#214=VECTOR('',#2072,10.);
#215=VECTOR('',#2075,10.);
#216=VECTOR('',#2078,10.);
#217=VECTOR('',#2081,10.);
#218=VECTOR('',#2094,10.);
#219=VECTOR('',#2095,10.);
#220=VECTOR('',#2096,10.);
#221=VECTOR('',#2099,10.);
#222=VECTOR('',#2104,10.);
#223=VECTOR('',#2107,10.);
#224=VECTOR('',#2110,10.);
#225=VECTOR('',#2113,10.);
#226=VECTOR('',#2116,10.);
#227=VECTOR('',#2117,10.);
#228=VECTOR('',#2124,10.);
#229=VECTOR('',#2129,10.);
#230=VECTOR('',#2130,10.);
#231=VECTOR('',#2137,10.);
#232=VECTOR('',#2142,10.);
#233=VECTOR('',#2145,10.);
#234=VECTOR('',#2148,10.);
#235=VECTOR('',#2149,10.);
#236=VECTOR('',#2150,10.);
#237=VECTOR('',#2155,10.);
#238=VECTOR('',#2158,10.);
#239=VECTOR('',#2161,10.);
#240=VECTOR('',#2162,10.);
#241=VECTOR('',#2167,10.);
#242=VECTOR('',#2170,10.);
#243=VECTOR('',#2173,10.);
#244=VECTOR('',#2174,10.);
#245=VECTOR('',#2179,10.);
#246=VECTOR('',#2184,10.);
#247=VECTOR('',#2185,10.);
#248=VECTOR('',#2188,10.);
#249=VECTOR('',#2189,10.);
#250=VECTOR('',#2200,10.);
#251=VECTOR('',#2205,1.45);
#252=VECTOR('',#2208,10.);
#253=VECTOR('',#2209,10.);
#254=VECTOR('',#2210,10.);
#255=VECTOR('',#2211,10.);
#256=VECTOR('',#2212,10.);
#257=VECTOR('',#2217,2.8);
#258=VECTOR('',#2222,10.);
#259=VECTOR('',#2225,10.);
#260=VECTOR('',#2228,10.);
#261=VECTOR('',#2231,10.);
#262=VECTOR('',#2254,10.);
#263=VECTOR('',#2257,10.);
#264=VECTOR('',#2260,10.);
#265=VECTOR('',#2263,10.);
#266=VECTOR('',#2270,2.00000002980232);
#267=VECTOR('',#2273,2.00000002980232);
#268=VECTOR('',#2276,2.00000002980232);
#269=VECTOR('',#2279,2.00000002980232);
#270=VECTOR('',#2282,10.);
#271=VECTOR('',#2283,10.);
#272=VECTOR('',#2286,10.);
#273=VECTOR('',#2289,10.);
#274=VECTOR('',#2292,10.);
#275=VECTOR('',#2295,10.);
#276=VECTOR('',#2298,10.);
#277=VECTOR('',#2301,10.);
#278=VECTOR('',#2306,2.00000002980232);
#279=VECTOR('',#2309,10.);
#280=VECTOR('',#2312,10.);
#281=VECTOR('',#2315,10.);
#282=VECTOR('',#2316,10.);
#283=VECTOR('',#2317,10.);
#284=VECTOR('',#2318,10.);
#285=VECTOR('',#2321,10.);
#286=VECTOR('',#2322,10.);
#287=VECTOR('',#2325,10.);
#288=VECTOR('',#2326,10.);
#289=VECTOR('',#2331,10.);
#290=VECTOR('',#2332,10.);
#291=VECTOR('',#2337,10.);
#292=VECTOR('',#2338,10.);
#293=VECTOR('',#2339,10.);
#294=VECTOR('',#2342,10.);
#295=VECTOR('',#2343,10.);
#296=VECTOR('',#2346,10.);
#297=VECTOR('',#2347,10.);
#298=VECTOR('',#2350,10.);
#299=VECTOR('',#2351,10.);
#300=VECTOR('',#2352,10.);
#301=VECTOR('',#2353,10.);
#302=VECTOR('',#2354,10.);
#303=VECTOR('',#2357,10.);
#304=VECTOR('',#2360,10.);
#305=VECTOR('',#2363,10.);
#306=VECTOR('',#2366,10.);
#307=VECTOR('',#2377,10.);
#308=VECTOR('',#2378,10.);
#309=VECTOR('',#2381,10.);
#310=VECTOR('',#2382,10.);
#311=VECTOR('',#2387,10.);
#312=VECTOR('',#2390,10.);
#313=VECTOR('',#2391,10.);
#314=VECTOR('',#2400,1.45);
#315=VECTOR('',#2405,1000.);
#316=VECTOR('',#2406,1000.);
#317=VECTOR('',#2409,10.);
#318=VECTOR('',#2410,1000.);
#319=VECTOR('',#2415,1000.);
#320=VECTOR('',#2418,10.);
#321=VECTOR('',#2419,1000.);
#322=VECTOR('',#2424,1000.);
#323=VECTOR('',#2427,10.);
#324=VECTOR('',#2428,1000.);
#325=VECTOR('',#2433,1000.);
#326=VECTOR('',#2436,10.);
#327=VECTOR('',#2441,10.);
#328=VECTOR('',#2442,10.);
#329=VECTOR('',#2445,10.);
#330=VECTOR('',#2450,10.);
#331=VECTOR('',#2453,10.);
#332=VECTOR('',#2456,10.);
#333=VECTOR('',#2461,10.);
#334=VECTOR('',#2462,10.);
#335=VECTOR('',#2465,10.);
#336=VECTOR('',#2468,10.);
#337=VECTOR('',#2471,10.);
#338=VECTOR('',#2474,10.);
#339=VECTOR('',#2477,10.);
#340=VECTOR('',#2480,10.);
#341=VECTOR('',#2485,2.8);
#342=CYLINDRICAL_SURFACE('',#1775,1.);
#343=CYLINDRICAL_SURFACE('',#1777,2.35);
#344=CYLINDRICAL_SURFACE('',#1784,1.);
#345=CYLINDRICAL_SURFACE('',#1786,2.35);
#346=CYLINDRICAL_SURFACE('',#1793,1.35);
#347=CYLINDRICAL_SURFACE('',#1795,1.35);
#348=CYLINDRICAL_SURFACE('',#1823,0.899999999999994);
#349=CYLINDRICAL_SURFACE('',#1825,0.899999999999999);
#350=CYLINDRICAL_SURFACE('',#1827,0.899999999999999);
#351=CYLINDRICAL_SURFACE('',#1830,0.899999999999999);
#352=CYLINDRICAL_SURFACE('',#1832,0.800000000000005);
#353=CYLINDRICAL_SURFACE('',#1835,0.800000000000018);
#354=CYLINDRICAL_SURFACE('',#1838,0.5);
#355=CYLINDRICAL_SURFACE('',#1842,0.5);
#356=CYLINDRICAL_SURFACE('',#1846,0.5);
#357=CYLINDRICAL_SURFACE('',#1850,0.5);
#358=CYLINDRICAL_SURFACE('',#1854,4.35);
#359=CYLINDRICAL_SURFACE('',#1861,1.45);
#360=CYLINDRICAL_SURFACE('',#1863,2.8);
#361=CYLINDRICAL_SURFACE('',#1886,2.00000002980232);
#362=CYLINDRICAL_SURFACE('',#1887,2.00000002980232);
#363=CYLINDRICAL_SURFACE('',#1888,2.00000002980232);
#364=CYLINDRICAL_SURFACE('',#1889,2.00000002980232);
#365=CYLINDRICAL_SURFACE('',#1890,0.950000000000001);
#366=CYLINDRICAL_SURFACE('',#1892,0.950000000000003);
#367=CYLINDRICAL_SURFACE('',#1894,2.7);
#368=CYLINDRICAL_SURFACE('',#1896,2.7);
#369=CYLINDRICAL_SURFACE('',#1898,2.00000002980232);
#370=CYLINDRICAL_SURFACE('',#1899,3.31464857088894);
#371=CYLINDRICAL_SURFACE('',#1915,2.);
#372=CYLINDRICAL_SURFACE('',#1918,2.);
#373=CYLINDRICAL_SURFACE('',#1921,2.);
#374=CYLINDRICAL_SURFACE('',#1924,2.);
#375=CYLINDRICAL_SURFACE('',#1927,1.45);
#376=CYLINDRICAL_SURFACE('',#1928,1.2);
#377=CYLINDRICAL_SURFACE('',#1931,1.20000000000001);
#378=CYLINDRICAL_SURFACE('',#1934,1.2);
#379=CYLINDRICAL_SURFACE('',#1937,1.2);
#380=CYLINDRICAL_SURFACE('',#1949,3.5);
#381=CYLINDRICAL_SURFACE('',#1951,3.5);
#382=CYLINDRICAL_SURFACE('',#1953,3.5);
#383=CYLINDRICAL_SURFACE('',#1955,3.5);
#384=CYLINDRICAL_SURFACE('',#1956,2.8);
#385=FACE_BOUND('',#507,.T.);
#386=FACE_BOUND('',#511,.T.);
#387=FACE_BOUND('',#513,.T.);
#388=FACE_BOUND('',#517,.T.);
#389=FACE_BOUND('',#519,.T.);
#390=FACE_BOUND('',#527,.T.);
#391=FACE_BOUND('',#528,.T.);
#392=FACE_BOUND('',#529,.T.);
#393=FACE_BOUND('',#530,.T.);
#394=FACE_BOUND('',#531,.T.);
#395=FACE_BOUND('',#532,.T.);
#396=FACE_BOUND('',#553,.T.);
#397=FACE_BOUND('',#555,.T.);
#398=FACE_BOUND('',#560,.T.);
#399=FACE_BOUND('',#561,.T.);
#400=FACE_BOUND('',#586,.T.);
#401=FACE_BOUND('',#591,.T.);
#402=FACE_BOUND('',#592,.T.);
#403=FACE_BOUND('',#593,.T.);
#404=FACE_BOUND('',#594,.T.);
#405=FACE_BOUND('',#600,.T.);
#406=FACE_BOUND('',#616,.T.);
#407=FACE_BOUND('',#619,.T.);
#408=FACE_BOUND('',#620,.T.);
#409=FACE_BOUND('',#621,.T.);
#410=FACE_BOUND('',#622,.T.);
#411=FACE_OUTER_BOUND('',#506,.T.);
#412=FACE_OUTER_BOUND('',#508,.T.);
#413=FACE_OUTER_BOUND('',#509,.T.);
#414=FACE_OUTER_BOUND('',#510,.T.);
#415=FACE_OUTER_BOUND('',#512,.T.);
#416=FACE_OUTER_BOUND('',#514,.T.);
#417=FACE_OUTER_BOUND('',#515,.T.);
#418=FACE_OUTER_BOUND('',#516,.T.);
#419=FACE_OUTER_BOUND('',#518,.T.);
#420=FACE_OUTER_BOUND('',#520,.T.);
#421=FACE_OUTER_BOUND('',#521,.T.);
#422=FACE_OUTER_BOUND('',#522,.T.);
#423=FACE_OUTER_BOUND('',#523,.T.);
#424=FACE_OUTER_BOUND('',#524,.T.);
#425=FACE_OUTER_BOUND('',#525,.T.);
#426=FACE_OUTER_BOUND('',#526,.T.);
#427=FACE_OUTER_BOUND('',#533,.T.);
#428=FACE_OUTER_BOUND('',#534,.T.);
#429=FACE_OUTER_BOUND('',#535,.T.);
#430=FACE_OUTER_BOUND('',#536,.T.);
#431=FACE_OUTER_BOUND('',#537,.T.);
#432=FACE_OUTER_BOUND('',#538,.T.);
#433=FACE_OUTER_BOUND('',#539,.T.);
#434=FACE_OUTER_BOUND('',#540,.T.);
#435=FACE_OUTER_BOUND('',#541,.T.);
#436=FACE_OUTER_BOUND('',#542,.T.);
#437=FACE_OUTER_BOUND('',#543,.T.);
#438=FACE_OUTER_BOUND('',#544,.T.);
#439=FACE_OUTER_BOUND('',#545,.T.);
#440=FACE_OUTER_BOUND('',#546,.T.);
#441=FACE_OUTER_BOUND('',#547,.T.);
#442=FACE_OUTER_BOUND('',#548,.T.);
#443=FACE_OUTER_BOUND('',#549,.T.);
#444=FACE_OUTER_BOUND('',#550,.T.);
#445=FACE_OUTER_BOUND('',#551,.T.);
#446=FACE_OUTER_BOUND('',#552,.T.);
#447=FACE_OUTER_BOUND('',#554,.T.);
#448=FACE_OUTER_BOUND('',#556,.T.);
#449=FACE_OUTER_BOUND('',#557,.T.);
#450=FACE_OUTER_BOUND('',#558,.T.);
#451=FACE_OUTER_BOUND('',#559,.T.);
#452=FACE_OUTER_BOUND('',#562,.T.);
#453=FACE_OUTER_BOUND('',#563,.T.);
#454=FACE_OUTER_BOUND('',#564,.T.);
#455=FACE_OUTER_BOUND('',#565,.T.);
#456=FACE_OUTER_BOUND('',#566,.T.);
#457=FACE_OUTER_BOUND('',#567,.T.);
#458=FACE_OUTER_BOUND('',#568,.T.);
#459=FACE_OUTER_BOUND('',#569,.T.);
#460=FACE_OUTER_BOUND('',#570,.T.);
#461=FACE_OUTER_BOUND('',#571,.T.);
#462=FACE_OUTER_BOUND('',#572,.T.);
#463=FACE_OUTER_BOUND('',#573,.T.);
#464=FACE_OUTER_BOUND('',#574,.T.);
#465=FACE_OUTER_BOUND('',#575,.T.);
#466=FACE_OUTER_BOUND('',#576,.T.);
#467=FACE_OUTER_BOUND('',#577,.T.);
#468=FACE_OUTER_BOUND('',#578,.T.);
#469=FACE_OUTER_BOUND('',#579,.T.);
#470=FACE_OUTER_BOUND('',#580,.T.);
#471=FACE_OUTER_BOUND('',#581,.T.);
#472=FACE_OUTER_BOUND('',#582,.T.);
#473=FACE_OUTER_BOUND('',#583,.T.);
#474=FACE_OUTER_BOUND('',#584,.T.);
#475=FACE_OUTER_BOUND('',#585,.T.);
#476=FACE_OUTER_BOUND('',#587,.T.);
#477=FACE_OUTER_BOUND('',#588,.T.);
#478=FACE_OUTER_BOUND('',#589,.T.);
#479=FACE_OUTER_BOUND('',#590,.T.);
#480=FACE_OUTER_BOUND('',#595,.T.);
#481=FACE_OUTER_BOUND('',#596,.T.);
#482=FACE_OUTER_BOUND('',#597,.T.);
#483=FACE_OUTER_BOUND('',#598,.T.);
#484=FACE_OUTER_BOUND('',#599,.T.);
#485=FACE_OUTER_BOUND('',#601,.T.);
#486=FACE_OUTER_BOUND('',#602,.T.);
#487=FACE_OUTER_BOUND('',#603,.T.);
#488=FACE_OUTER_BOUND('',#604,.T.);
#489=FACE_OUTER_BOUND('',#605,.T.);
#490=FACE_OUTER_BOUND('',#606,.T.);
#491=FACE_OUTER_BOUND('',#607,.T.);
#492=FACE_OUTER_BOUND('',#608,.T.);
#493=FACE_OUTER_BOUND('',#609,.T.);
#494=FACE_OUTER_BOUND('',#610,.T.);
#495=FACE_OUTER_BOUND('',#611,.T.);
#496=FACE_OUTER_BOUND('',#612,.T.);
#497=FACE_OUTER_BOUND('',#613,.T.);
#498=FACE_OUTER_BOUND('',#614,.T.);
#499=FACE_OUTER_BOUND('',#615,.T.);
#500=FACE_OUTER_BOUND('',#617,.T.);
#501=FACE_OUTER_BOUND('',#618,.T.);
#502=FACE_OUTER_BOUND('',#623,.T.);
#503=FACE_OUTER_BOUND('',#624,.T.);
#504=FACE_OUTER_BOUND('',#625,.T.);
#505=FACE_OUTER_BOUND('',#626,.T.);
#506=EDGE_LOOP('',(#1117));
#507=EDGE_LOOP('',(#1118));
#508=EDGE_LOOP('',(#1119,#1120,#1121,#1122));
#509=EDGE_LOOP('',(#1123,#1124,#1125,#1126));
#510=EDGE_LOOP('',(#1127));
#511=EDGE_LOOP('',(#1128));
#512=EDGE_LOOP('',(#1129));
#513=EDGE_LOOP('',(#1130));
#514=EDGE_LOOP('',(#1131,#1132,#1133,#1134));
#515=EDGE_LOOP('',(#1135,#1136,#1137,#1138));
#516=EDGE_LOOP('',(#1139));
#517=EDGE_LOOP('',(#1140));
#518=EDGE_LOOP('',(#1141));
#519=EDGE_LOOP('',(#1142));
#520=EDGE_LOOP('',(#1143,#1144,#1145,#1146));
#521=EDGE_LOOP('',(#1147,#1148,#1149,#1150));
#522=EDGE_LOOP('',(#1151,#1152,#1153,#1154));
#523=EDGE_LOOP('',(#1155,#1156,#1157,#1158));
#524=EDGE_LOOP('',(#1159,#1160,#1161,#1162));
#525=EDGE_LOOP('',(#1163,#1164,#1165,#1166));
#526=EDGE_LOOP('',(#1167,#1168,#1169,#1170,#1171,#1172,#1173,#1174,#1175,
#1176,#1177,#1178,#1179,#1180,#1181,#1182,#1183,#1184,#1185,#1186,#1187,
#1188));
#527=EDGE_LOOP('',(#1189));
#528=EDGE_LOOP('',(#1190,#1191,#1192,#1193,#1194,#1195,#1196,#1197));
#529=EDGE_LOOP('',(#1198));
#530=EDGE_LOOP('',(#1199));
#531=EDGE_LOOP('',(#1200));
#532=EDGE_LOOP('',(#1201));
#533=EDGE_LOOP('',(#1202,#1203,#1204,#1205));
#534=EDGE_LOOP('',(#1206,#1207,#1208,#1209));
#535=EDGE_LOOP('',(#1210,#1211,#1212,#1213));
#536=EDGE_LOOP('',(#1214,#1215,#1216,#1217));
#537=EDGE_LOOP('',(#1218,#1219,#1220,#1221));
#538=EDGE_LOOP('',(#1222,#1223,#1224,#1225));
#539=EDGE_LOOP('',(#1226,#1227,#1228,#1229));
#540=EDGE_LOOP('',(#1230,#1231,#1232,#1233));
#541=EDGE_LOOP('',(#1234,#1235,#1236,#1237));
#542=EDGE_LOOP('',(#1238,#1239,#1240,#1241,#1242,#1243,#1244,#1245,#1246,
#1247));
#543=EDGE_LOOP('',(#1248,#1249,#1250,#1251));
#544=EDGE_LOOP('',(#1252,#1253,#1254,#1255));
#545=EDGE_LOOP('',(#1256,#1257,#1258,#1259));
#546=EDGE_LOOP('',(#1260,#1261,#1262,#1263));
#547=EDGE_LOOP('',(#1264,#1265,#1266,#1267));
#548=EDGE_LOOP('',(#1268,#1269,#1270,#1271));
#549=EDGE_LOOP('',(#1272,#1273,#1274,#1275));
#550=EDGE_LOOP('',(#1276,#1277,#1278,#1279));
#551=EDGE_LOOP('',(#1280,#1281,#1282,#1283));
#552=EDGE_LOOP('',(#1284));
#553=EDGE_LOOP('',(#1285));
#554=EDGE_LOOP('',(#1286,#1287));
#555=EDGE_LOOP('',(#1288));
#556=EDGE_LOOP('',(#1289,#1290,#1291,#1292));
#557=EDGE_LOOP('',(#1293,#1294,#1295,#1296,#1297,#1298,#1299,#1300,#1301,
#1302));
#558=EDGE_LOOP('',(#1303,#1304,#1305,#1306));
#559=EDGE_LOOP('',(#1307,#1308,#1309,#1310,#1311,#1312,#1313,#1314));
#560=EDGE_LOOP('',(#1315));
#561=EDGE_LOOP('',(#1316));
#562=EDGE_LOOP('',(#1317));
#563=EDGE_LOOP('',(#1318));
#564=EDGE_LOOP('',(#1319));
#565=EDGE_LOOP('',(#1320));
#566=EDGE_LOOP('',(#1321,#1322,#1323,#1324,#1325,#1326,#1327,#1328));
#567=EDGE_LOOP('',(#1329));
#568=EDGE_LOOP('',(#1330,#1331,#1332,#1333));
#569=EDGE_LOOP('',(#1334,#1335,#1336,#1337));
#570=EDGE_LOOP('',(#1338,#1339,#1340,#1341));
#571=EDGE_LOOP('',(#1342,#1343,#1344,#1345));
#572=EDGE_LOOP('',(#1346,#1347,#1348,#1349));
#573=EDGE_LOOP('',(#1350,#1351,#1352,#1353));
#574=EDGE_LOOP('',(#1354,#1355,#1356,#1357));
#575=EDGE_LOOP('',(#1358,#1359,#1360,#1361));
#576=EDGE_LOOP('',(#1362,#1363,#1364,#1365));
#577=EDGE_LOOP('',(#1366,#1367,#1368,#1369));
#578=EDGE_LOOP('',(#1370,#1371,#1372,#1373));
#579=EDGE_LOOP('',(#1374,#1375,#1376,#1377));
#580=EDGE_LOOP('',(#1378,#1379,#1380,#1381));
#581=EDGE_LOOP('',(#1382,#1383,#1384,#1385));
#582=EDGE_LOOP('',(#1386,#1387,#1388,#1389));
#583=EDGE_LOOP('',(#1390,#1391,#1392,#1393));
#584=EDGE_LOOP('',(#1394,#1395,#1396,#1397));
#585=EDGE_LOOP('',(#1398,#1399,#1400,#1401,#1402,#1403));
#586=EDGE_LOOP('',(#1404));
#587=EDGE_LOOP('',(#1405,#1406,#1407,#1408));
#588=EDGE_LOOP('',(#1409,#1410,#1411,#1412));
#589=EDGE_LOOP('',(#1413,#1414,#1415,#1416));
#590=EDGE_LOOP('',(#1417,#1418,#1419,#1420,#1421,#1422,#1423,#1424,#1425,
#1426,#1427));
#591=EDGE_LOOP('',(#1428));
#592=EDGE_LOOP('',(#1429));
#593=EDGE_LOOP('',(#1430,#1431,#1432,#1433));
#594=EDGE_LOOP('',(#1434,#1435,#1436,#1437,#1438,#1439,#1440,#1441,#1442,
#1443,#1444,#1445));
#595=EDGE_LOOP('',(#1446,#1447,#1448,#1449,#1450,#1451,#1452));
#596=EDGE_LOOP('',(#1453,#1454,#1455,#1456,#1457,#1458));
#597=EDGE_LOOP('',(#1459,#1460,#1461,#1462,#1463));
#598=EDGE_LOOP('',(#1464,#1465,#1466,#1467));
#599=EDGE_LOOP('',(#1468,#1469,#1470,#1471,#1472,#1473));
#600=EDGE_LOOP('',(#1474,#1475,#1476,#1477,#1478,#1479,#1480,#1481));
#601=EDGE_LOOP('',(#1482,#1483,#1484,#1485,#1486));
#602=EDGE_LOOP('',(#1487,#1488,#1489,#1490));
#603=EDGE_LOOP('',(#1491,#1492,#1493,#1494));
#604=EDGE_LOOP('',(#1495,#1496,#1497,#1498));
#605=EDGE_LOOP('',(#1499,#1500,#1501,#1502));
#606=EDGE_LOOP('',(#1503,#1504,#1505,#1506,#1507,#1508,#1509,#1510));
#607=EDGE_LOOP('',(#1511,#1512,#1513,#1514));
#608=EDGE_LOOP('',(#1515,#1516,#1517,#1518));
#609=EDGE_LOOP('',(#1519,#1520,#1521,#1522));
#610=EDGE_LOOP('',(#1523,#1524,#1525,#1526));
#611=EDGE_LOOP('',(#1527,#1528,#1529,#1530,#1531,#1532,#1533,#1534));
#612=EDGE_LOOP('',(#1535,#1536,#1537,#1538,#1539,#1540,#1541,#1542,#1543,
#1544,#1545,#1546,#1547,#1548,#1549,#1550));
#613=EDGE_LOOP('',(#1551,#1552,#1553,#1554));
#614=EDGE_LOOP('',(#1555,#1556,#1557,#1558));
#615=EDGE_LOOP('',(#1559,#1560,#1561,#1562));
#616=EDGE_LOOP('',(#1563,#1564,#1565,#1566,#1567,#1568,#1569,#1570));
#617=EDGE_LOOP('',(#1571,#1572,#1573,#1574,#1575));
#618=EDGE_LOOP('',(#1576,#1577,#1578,#1579));
#619=EDGE_LOOP('',(#1580));
#620=EDGE_LOOP('',(#1581));
#621=EDGE_LOOP('',(#1582,#1583,#1584,#1585));
#622=EDGE_LOOP('',(#1586,#1587,#1588,#1589,#1590,#1591,#1592,#1593));
#623=EDGE_LOOP('',(#1594,#1595,#1596,#1597,#1598));
#624=EDGE_LOOP('',(#1599,#1600,#1601,#1602));
#625=EDGE_LOOP('',(#1603,#1604,#1605,#1606));
#626=EDGE_LOOP('',(#1607,#1608,#1609,#1610));
#627=CIRCLE('',#1773,1.35);
#628=CIRCLE('',#1774,1.);
#629=CIRCLE('',#1776,1.);
#630=CIRCLE('',#1778,2.35);
#631=CIRCLE('',#1779,2.35);
#632=CIRCLE('',#1782,1.35);
#633=CIRCLE('',#1783,1.);
#634=CIRCLE('',#1785,1.);
#635=CIRCLE('',#1787,2.35);
#636=CIRCLE('',#1788,2.35);
#637=CIRCLE('',#1791,2.8);
#638=CIRCLE('',#1792,1.45);
#639=CIRCLE('',#1794,1.35);
#640=CIRCLE('',#1796,1.35);
#641=CIRCLE('',#1802,0.800000000000005);
#642=CIRCLE('',#1803,0.899999999999999);
#643=CIRCLE('',#1804,2.);
#644=CIRCLE('',#1805,4.35);
#645=CIRCLE('',#1806,2.);
#646=CIRCLE('',#1807,2.);
#647=CIRCLE('',#1808,3.31464857088894);
#648=CIRCLE('',#1809,0.899999999999994);
#649=CIRCLE('',#1810,0.899999999999999);
#650=CIRCLE('',#1811,0.899999999999999);
#651=CIRCLE('',#1812,0.800000000000018);
#652=CIRCLE('',#1813,2.00000002980232);
#653=CIRCLE('',#1814,2.7);
#654=CIRCLE('',#1815,2.7);
#655=CIRCLE('',#1816,0.950000000000003);
#656=CIRCLE('',#1817,0.950000000000001);
#657=CIRCLE('',#1818,2.00000002980232);
#658=CIRCLE('',#1819,2.00000002980232);
#659=CIRCLE('',#1820,2.00000002980232);
#660=CIRCLE('',#1821,2.00000002980232);
#661=CIRCLE('',#1824,0.899999999999994);
#662=CIRCLE('',#1826,0.899999999999999);
#663=CIRCLE('',#1828,0.899999999999999);
#664=CIRCLE('',#1831,0.899999999999999);
#665=CIRCLE('',#1833,0.800000000000005);
#666=CIRCLE('',#1836,0.800000000000018);
#667=CIRCLE('',#1839,0.5);
#668=CIRCLE('',#1840,0.5);
#669=CIRCLE('',#1843,0.5);
#670=CIRCLE('',#1844,0.5);
#671=CIRCLE('',#1847,0.5);
#672=CIRCLE('',#1848,0.5);
#673=CIRCLE('',#1851,0.5);
#674=CIRCLE('',#1852,0.5);
#675=CIRCLE('',#1855,4.35);
#676=CIRCLE('',#1857,2.8);
#677=CIRCLE('',#1858,1.45);
#678=CIRCLE('',#1860,1.45);
#679=CIRCLE('',#1864,2.8);
#680=CIRCLE('',#1866,3.5);
#681=CIRCLE('',#1867,3.5);
#682=CIRCLE('',#1868,3.5);
#683=CIRCLE('',#1869,3.5);
#684=CIRCLE('',#1870,2.8);
#685=CIRCLE('',#1880,2.7);
#686=CIRCLE('',#1881,0.950000000000001);
#687=CIRCLE('',#1882,0.950000000000003);
#688=CIRCLE('',#1883,2.7);
#689=CIRCLE('',#1900,3.31464857088894);
#690=CIRCLE('',#1905,2.);
#691=CIRCLE('',#1906,1.45);
#692=CIRCLE('',#1911,1.2);
#693=CIRCLE('',#1912,1.2);
#694=CIRCLE('',#1913,1.2);
#695=CIRCLE('',#1914,1.20000000000001);
#696=CIRCLE('',#1916,2.);
#697=CIRCLE('',#1926,2.);
#698=CIRCLE('',#1929,1.2);
#699=CIRCLE('',#1932,1.20000000000001);
#700=CIRCLE('',#1935,1.2);
#701=CIRCLE('',#1938,1.2);
#702=CIRCLE('',#1941,3.5);
#703=CIRCLE('',#1942,3.5);
#704=VERTEX_POINT('',#2488);
#705=VERTEX_POINT('',#2490);
#706=VERTEX_POINT('',#2493);
#707=VERTEX_POINT('',#2497);
#708=VERTEX_POINT('',#2499);
#709=VERTEX_POINT('',#2504);
#710=VERTEX_POINT('',#2506);
#711=VERTEX_POINT('',#2509);
#712=VERTEX_POINT('',#2513);
#713=VERTEX_POINT('',#2515);
#714=VERTEX_POINT('',#2520);
#715=VERTEX_POINT('',#2522);
#716=VERTEX_POINT('',#2525);
#717=VERTEX_POINT('',#2529);
#718=VERTEX_POINT('',#2533);
#719=VERTEX_POINT('',#2534);
#720=VERTEX_POINT('',#2536);
#721=VERTEX_POINT('',#2538);
#722=VERTEX_POINT('',#2542);
#723=VERTEX_POINT('',#2544);
#724=VERTEX_POINT('',#2548);
#725=VERTEX_POINT('',#2550);
#726=VERTEX_POINT('',#2557);
#727=VERTEX_POINT('',#2558);
#728=VERTEX_POINT('',#2560);
#729=VERTEX_POINT('',#2562);
#730=VERTEX_POINT('',#2564);
#731=VERTEX_POINT('',#2566);
#732=VERTEX_POINT('',#2568);
#733=VERTEX_POINT('',#2570);
#734=VERTEX_POINT('',#2572);
#735=VERTEX_POINT('',#2574);
#736=VERTEX_POINT('',#2576);
#737=VERTEX_POINT('',#2578);
#738=VERTEX_POINT('',#2580);
#739=VERTEX_POINT('',#2582);
#740=VERTEX_POINT('',#2584);
#741=VERTEX_POINT('',#2586);
#742=VERTEX_POINT('',#2588);
#743=VERTEX_POINT('',#2590);
#744=VERTEX_POINT('',#2592);
#745=VERTEX_POINT('',#2594);
#746=VERTEX_POINT('',#2596);
#747=VERTEX_POINT('',#2598);
#748=VERTEX_POINT('',#2601);
#749=VERTEX_POINT('',#2603);
#750=VERTEX_POINT('',#2604);
#751=VERTEX_POINT('',#2606);
#752=VERTEX_POINT('',#2608);
#753=VERTEX_POINT('',#2610);
#754=VERTEX_POINT('',#2612);
#755=VERTEX_POINT('',#2614);
#756=VERTEX_POINT('',#2616);
#757=VERTEX_POINT('',#2619);
#758=VERTEX_POINT('',#2621);
#759=VERTEX_POINT('',#2623);
#760=VERTEX_POINT('',#2625);
#761=VERTEX_POINT('',#2628);
#762=VERTEX_POINT('',#2630);
#763=VERTEX_POINT('',#2634);
#764=VERTEX_POINT('',#2638);
#765=VERTEX_POINT('',#2640);
#766=VERTEX_POINT('',#2644);
#767=VERTEX_POINT('',#2646);
#768=VERTEX_POINT('',#2650);
#769=VERTEX_POINT('',#2656);
#770=VERTEX_POINT('',#2660);
#771=VERTEX_POINT('',#2668);
#772=VERTEX_POINT('',#2669);
#773=VERTEX_POINT('',#2671);
#774=VERTEX_POINT('',#2673);
#775=VERTEX_POINT('',#2677);
#776=VERTEX_POINT('',#2679);
#777=VERTEX_POINT('',#2683);
#778=VERTEX_POINT('',#2684);
#779=VERTEX_POINT('',#2686);
#780=VERTEX_POINT('',#2688);
#781=VERTEX_POINT('',#2695);
#782=VERTEX_POINT('',#2696);
#783=VERTEX_POINT('',#2698);
#784=VERTEX_POINT('',#2700);
#785=VERTEX_POINT('',#2707);
#786=VERTEX_POINT('',#2709);
#787=VERTEX_POINT('',#2716);
#788=VERTEX_POINT('',#2718);
#789=VERTEX_POINT('',#2722);
#790=VERTEX_POINT('',#2724);
#791=VERTEX_POINT('',#2728);
#792=VERTEX_POINT('',#2733);
#793=VERTEX_POINT('',#2735);
#794=VERTEX_POINT('',#2737);
#795=VERTEX_POINT('',#2739);
#796=VERTEX_POINT('',#2743);
#797=VERTEX_POINT('',#2747);
#798=VERTEX_POINT('',#2748);
#799=VERTEX_POINT('',#2750);
#800=VERTEX_POINT('',#2752);
#801=VERTEX_POINT('',#2754);
#802=VERTEX_POINT('',#2756);
#803=VERTEX_POINT('',#2758);
#804=VERTEX_POINT('',#2760);
#805=VERTEX_POINT('',#2763);
#806=VERTEX_POINT('',#2766);
#807=VERTEX_POINT('',#2769);
#808=VERTEX_POINT('',#2772);
#809=VERTEX_POINT('',#2775);
#810=VERTEX_POINT('',#2778);
#811=VERTEX_POINT('',#2779);
#812=VERTEX_POINT('',#2781);
#813=VERTEX_POINT('',#2783);
#814=VERTEX_POINT('',#2785);
#815=VERTEX_POINT('',#2787);
#816=VERTEX_POINT('',#2789);
#817=VERTEX_POINT('',#2791);
#818=VERTEX_POINT('',#2795);
#819=VERTEX_POINT('',#2824);
#820=VERTEX_POINT('',#2826);
#821=VERTEX_POINT('',#2830);
#822=VERTEX_POINT('',#2831);
#823=VERTEX_POINT('',#2833);
#824=VERTEX_POINT('',#2835);
#825=VERTEX_POINT('',#2839);
#826=VERTEX_POINT('',#2843);
#827=VERTEX_POINT('',#2847);
#828=VERTEX_POINT('',#2848);
#829=VERTEX_POINT('',#2852);
#830=VERTEX_POINT('',#2855);
#831=VERTEX_POINT('',#2857);
#832=VERTEX_POINT('',#2861);
#833=VERTEX_POINT('',#2865);
#834=VERTEX_POINT('',#2869);
#835=VERTEX_POINT('',#2871);
#836=VERTEX_POINT('',#2873);
#837=VERTEX_POINT('',#2876);
#838=VERTEX_POINT('',#2878);
#839=VERTEX_POINT('',#2880);
#840=VERTEX_POINT('',#2882);
#841=VERTEX_POINT('',#2884);
#842=VERTEX_POINT('',#2886);
#843=VERTEX_POINT('',#2888);
#844=VERTEX_POINT('',#2890);
#845=VERTEX_POINT('',#2894);
#846=VERTEX_POINT('',#2898);
#847=VERTEX_POINT('',#2900);
#848=VERTEX_POINT('',#2904);
#849=VERTEX_POINT('',#2908);
#850=VERTEX_POINT('',#2912);
#851=VERTEX_POINT('',#2916);
#852=VERTEX_POINT('',#2922);
#853=VERTEX_POINT('',#2923);
#854=VERTEX_POINT('',#2928);
#855=VERTEX_POINT('',#2932);
#856=VERTEX_POINT('',#2936);
#857=VERTEX_POINT('',#2940);
#858=VERTEX_POINT('',#2944);
#859=VERTEX_POINT('',#2948);
#860=VERTEX_POINT('',#2954);
#861=VERTEX_POINT('',#2955);
#862=VERTEX_POINT('',#2958);
#863=VERTEX_POINT('',#2960);
#864=VERTEX_POINT('',#2964);
#865=VERTEX_POINT('',#2966);
#866=VERTEX_POINT('',#2968);
#867=VERTEX_POINT('',#2970);
#868=VERTEX_POINT('',#2972);
#869=VERTEX_POINT('',#2974);
#870=EDGE_CURVE('',#704,#704,#627,.T.);
#871=EDGE_CURVE('',#705,#705,#628,.T.);
#872=EDGE_CURVE('',#706,#706,#629,.T.);
#873=EDGE_CURVE('',#706,#705,#28,.T.);
#874=EDGE_CURVE('',#707,#707,#630,.F.);
#875=EDGE_CURVE('',#707,#708,#29,.T.);
#876=EDGE_CURVE('',#708,#708,#631,.T.);
#877=EDGE_CURVE('',#709,#709,#632,.T.);
#878=EDGE_CURVE('',#710,#710,#633,.T.);
#879=EDGE_CURVE('',#711,#711,#634,.T.);
#880=EDGE_CURVE('',#711,#710,#30,.T.);
#881=EDGE_CURVE('',#712,#712,#635,.F.);
#882=EDGE_CURVE('',#712,#713,#31,.T.);
#883=EDGE_CURVE('',#713,#713,#636,.T.);
#884=EDGE_CURVE('',#714,#714,#637,.T.);
#885=EDGE_CURVE('',#715,#715,#638,.T.);
#886=EDGE_CURVE('',#716,#716,#639,.F.);
#887=EDGE_CURVE('',#716,#704,#32,.T.);
#888=EDGE_CURVE('',#717,#717,#640,.F.);
#889=EDGE_CURVE('',#717,#709,#33,.T.);
#890=EDGE_CURVE('',#718,#719,#34,.F.);
#891=EDGE_CURVE('',#718,#720,#35,.T.);
#892=EDGE_CURVE('',#721,#720,#36,.T.);
#893=EDGE_CURVE('',#719,#721,#37,.T.);
#894=EDGE_CURVE('',#722,#718,#38,.F.);
#895=EDGE_CURVE('',#722,#723,#39,.T.);
#896=EDGE_CURVE('',#720,#723,#40,.T.);
#897=EDGE_CURVE('',#724,#722,#41,.F.);
#898=EDGE_CURVE('',#724,#725,#42,.T.);
#899=EDGE_CURVE('',#723,#725,#43,.T.);
#900=EDGE_CURVE('',#719,#724,#44,.F.);
#901=EDGE_CURVE('',#725,#721,#45,.T.);
#902=EDGE_CURVE('',#726,#727,#46,.T.);
#903=EDGE_CURVE('',#727,#728,#641,.T.);
#904=EDGE_CURVE('',#728,#729,#642,.T.);
#905=EDGE_CURVE('',#730,#729,#47,.T.);
#906=EDGE_CURVE('',#731,#730,#643,.T.);
#907=EDGE_CURVE('',#732,#731,#48,.T.);
#908=EDGE_CURVE('',#732,#733,#644,.F.);
#909=EDGE_CURVE('',#734,#733,#49,.T.);
#910=EDGE_CURVE('',#735,#734,#645,.T.);
#911=EDGE_CURVE('',#736,#735,#50,.T.);
#912=EDGE_CURVE('',#737,#736,#646,.T.);
#913=EDGE_CURVE('',#738,#737,#51,.T.);
#914=EDGE_CURVE('',#739,#738,#52,.T.);
#915=EDGE_CURVE('',#740,#739,#647,.T.);
#916=EDGE_CURVE('',#741,#740,#53,.T.);
#917=EDGE_CURVE('',#742,#741,#54,.T.);
#918=EDGE_CURVE('',#742,#743,#648,.T.);
#919=EDGE_CURVE('',#743,#744,#55,.T.);
#920=EDGE_CURVE('',#744,#745,#649,.T.);
#921=EDGE_CURVE('',#745,#746,#56,.T.);
#922=EDGE_CURVE('',#746,#747,#650,.T.);
#923=EDGE_CURVE('',#747,#726,#651,.T.);
#924=EDGE_CURVE('',#748,#748,#652,.T.);
#925=EDGE_CURVE('',#749,#750,#57,.T.);
#926=EDGE_CURVE('',#750,#751,#653,.F.);
#927=EDGE_CURVE('',#752,#751,#58,.T.);
#928=EDGE_CURVE('',#752,#753,#654,.F.);
#929=EDGE_CURVE('',#754,#753,#59,.T.);
#930=EDGE_CURVE('',#755,#754,#655,.T.);
#931=EDGE_CURVE('',#755,#756,#60,.F.);
#932=EDGE_CURVE('',#749,#756,#656,.T.);
#933=EDGE_CURVE('',#757,#757,#657,.T.);
#934=EDGE_CURVE('',#758,#758,#658,.T.);
#935=EDGE_CURVE('',#759,#759,#659,.T.);
#936=EDGE_CURVE('',#760,#760,#660,.T.);
#937=EDGE_CURVE('',#743,#761,#61,.T.);
#938=EDGE_CURVE('',#761,#762,#62,.T.);
#939=EDGE_CURVE('',#744,#762,#63,.T.);
#940=EDGE_CURVE('',#742,#763,#64,.T.);
#941=EDGE_CURVE('',#763,#761,#661,.T.);
#942=EDGE_CURVE('',#764,#728,#65,.T.);
#943=EDGE_CURVE('',#764,#765,#662,.T.);
#944=EDGE_CURVE('',#729,#765,#66,.T.);
#945=EDGE_CURVE('',#746,#766,#67,.T.);
#946=EDGE_CURVE('',#766,#767,#663,.T.);
#947=EDGE_CURVE('',#747,#767,#68,.T.);
#948=EDGE_CURVE('',#745,#768,#69,.T.);
#949=EDGE_CURVE('',#768,#766,#70,.T.);
#950=EDGE_CURVE('',#762,#768,#664,.T.);
#951=EDGE_CURVE('',#727,#769,#71,.T.);
#952=EDGE_CURVE('',#769,#764,#665,.T.);
#953=EDGE_CURVE('',#726,#770,#72,.T.);
#954=EDGE_CURVE('',#770,#769,#73,.T.);
#955=EDGE_CURVE('',#767,#770,#666,.T.);
#956=EDGE_CURVE('',#765,#763,#74,.T.);
#957=EDGE_CURVE('',#771,#772,#667,.F.);
#958=EDGE_CURVE('',#772,#773,#75,.T.);
#959=EDGE_CURVE('',#773,#774,#668,.T.);
#960=EDGE_CURVE('',#774,#771,#76,.T.);
#961=EDGE_CURVE('',#772,#775,#77,.T.);
#962=EDGE_CURVE('',#776,#775,#78,.T.);
#963=EDGE_CURVE('',#776,#773,#79,.T.);
#964=EDGE_CURVE('',#777,#778,#669,.F.);
#965=EDGE_CURVE('',#778,#779,#80,.T.);
#966=EDGE_CURVE('',#779,#780,#670,.T.);
#967=EDGE_CURVE('',#780,#777,#81,.T.);
#968=EDGE_CURVE('',#774,#779,#82,.T.);
#969=EDGE_CURVE('',#778,#771,#83,.T.);
#970=EDGE_CURVE('',#781,#782,#671,.F.);
#971=EDGE_CURVE('',#782,#783,#84,.T.);
#972=EDGE_CURVE('',#783,#784,#672,.T.);
#973=EDGE_CURVE('',#784,#781,#85,.T.);
#974=EDGE_CURVE('',#780,#783,#86,.T.);
#975=EDGE_CURVE('',#782,#777,#87,.T.);
#976=EDGE_CURVE('',#775,#785,#673,.F.);
#977=EDGE_CURVE('',#785,#786,#88,.T.);
#978=EDGE_CURVE('',#786,#776,#674,.T.);
#979=EDGE_CURVE('',#784,#786,#89,.T.);
#980=EDGE_CURVE('',#785,#781,#90,.T.);
#981=EDGE_CURVE('',#733,#787,#91,.T.);
#982=EDGE_CURVE('',#788,#732,#92,.T.);
#983=EDGE_CURVE('',#787,#788,#675,.F.);
#984=EDGE_CURVE('',#789,#789,#676,.T.);
#985=EDGE_CURVE('',#790,#790,#677,.T.);
#986=EDGE_CURVE('',#787,#788,#93,.T.);
#987=EDGE_CURVE('',#791,#791,#678,.T.);
#988=EDGE_CURVE('',#791,#790,#94,.T.);
#989=EDGE_CURVE('',#731,#792,#95,.T.);
#990=EDGE_CURVE('',#792,#793,#96,.T.);
#991=EDGE_CURVE('',#793,#794,#97,.F.);
#992=EDGE_CURVE('',#794,#795,#98,.T.);
#993=EDGE_CURVE('',#795,#734,#99,.T.);
#994=EDGE_CURVE('',#796,#796,#679,.T.);
#995=EDGE_CURVE('',#796,#789,#100,.T.);
#996=EDGE_CURVE('',#797,#798,#680,.F.);
#997=EDGE_CURVE('',#798,#799,#101,.F.);
#998=EDGE_CURVE('',#799,#800,#681,.F.);
#999=EDGE_CURVE('',#800,#801,#102,.F.);
#1000=EDGE_CURVE('',#801,#802,#682,.F.);
#1001=EDGE_CURVE('',#802,#803,#103,.F.);
#1002=EDGE_CURVE('',#803,#804,#683,.F.);
#1003=EDGE_CURVE('',#804,#797,#104,.T.);
#1004=EDGE_CURVE('',#805,#805,#684,.T.);
#1005=EDGE_CURVE('',#806,#806,#15,.T.);
#1006=EDGE_CURVE('',#807,#807,#16,.T.);
#1007=EDGE_CURVE('',#808,#808,#17,.T.);
#1008=EDGE_CURVE('',#809,#809,#18,.T.);
#1009=EDGE_CURVE('',#810,#811,#685,.T.);
#1010=EDGE_CURVE('',#812,#810,#105,.F.);
#1011=EDGE_CURVE('',#813,#812,#686,.F.);
#1012=EDGE_CURVE('',#814,#813,#106,.F.);
#1013=EDGE_CURVE('',#815,#814,#687,.F.);
#1014=EDGE_CURVE('',#816,#815,#107,.F.);
#1015=EDGE_CURVE('',#817,#816,#688,.T.);
#1016=EDGE_CURVE('',#811,#817,#108,.T.);
#1017=EDGE_CURVE('',#818,#818,#19,.T.);
#1018=EDGE_CURVE('',#806,#760,#109,.T.);
#1019=EDGE_CURVE('',#807,#759,#110,.T.);
#1020=EDGE_CURVE('',#808,#758,#111,.T.);
#1021=EDGE_CURVE('',#809,#757,#112,.T.);
#1022=EDGE_CURVE('',#756,#813,#113,.T.);
#1023=EDGE_CURVE('',#749,#812,#114,.F.);
#1024=EDGE_CURVE('',#755,#814,#115,.T.);
#1025=EDGE_CURVE('',#754,#815,#116,.T.);
#1026=EDGE_CURVE('',#753,#816,#117,.F.);
#1027=EDGE_CURVE('',#752,#817,#118,.T.);
#1028=EDGE_CURVE('',#751,#811,#119,.T.);
#1029=EDGE_CURVE('',#750,#810,#120,.T.);
#1030=EDGE_CURVE('',#818,#748,#121,.T.);
#1031=EDGE_CURVE('',#739,#819,#122,.T.);
#1032=EDGE_CURVE('',#820,#819,#689,.T.);
#1033=EDGE_CURVE('',#740,#820,#123,.T.);
#1034=EDGE_CURVE('',#821,#822,#124,.T.);
#1035=EDGE_CURVE('',#821,#823,#125,.T.);
#1036=EDGE_CURVE('',#824,#823,#126,.T.);
#1037=EDGE_CURVE('',#822,#824,#127,.T.);
#1038=EDGE_CURVE('',#825,#820,#128,.T.);
#1039=EDGE_CURVE('',#741,#825,#129,.T.);
#1040=EDGE_CURVE('',#826,#738,#130,.T.);
#1041=EDGE_CURVE('',#819,#826,#131,.T.);
#1042=EDGE_CURVE('',#827,#828,#690,.T.);
#1043=EDGE_CURVE('',#825,#827,#132,.T.);
#1044=EDGE_CURVE('',#828,#826,#133,.T.);
#1045=EDGE_CURVE('',#829,#829,#691,.T.);
#1046=EDGE_CURVE('',#830,#821,#134,.T.);
#1047=EDGE_CURVE('',#830,#831,#135,.T.);
#1048=EDGE_CURVE('',#823,#831,#136,.T.);
#1049=EDGE_CURVE('',#831,#832,#137,.T.);
#1050=EDGE_CURVE('',#832,#824,#138,.T.);
#1051=EDGE_CURVE('',#822,#833,#139,.T.);
#1052=EDGE_CURVE('',#833,#832,#140,.T.);
#1053=EDGE_CURVE('',#827,#834,#141,.T.);
#1054=EDGE_CURVE('',#834,#835,#142,.F.);
#1055=EDGE_CURVE('',#835,#836,#143,.T.);
#1056=EDGE_CURVE('',#836,#730,#144,.T.);
#1057=EDGE_CURVE('',#837,#833,#145,.F.);
#1058=EDGE_CURVE('',#838,#837,#692,.F.);
#1059=EDGE_CURVE('',#839,#838,#146,.F.);
#1060=EDGE_CURVE('',#840,#839,#693,.F.);
#1061=EDGE_CURVE('',#841,#840,#147,.F.);
#1062=EDGE_CURVE('',#842,#841,#694,.F.);
#1063=EDGE_CURVE('',#843,#842,#148,.F.);
#1064=EDGE_CURVE('',#844,#843,#695,.F.);
#1065=EDGE_CURVE('',#830,#844,#149,.F.);
#1066=EDGE_CURVE('',#835,#845,#696,.F.);
#1067=EDGE_CURVE('',#793,#845,#20,.T.);
#1068=EDGE_CURVE('',#846,#794,#21,.T.);
#1069=EDGE_CURVE('',#847,#846,#150,.T.);
#1070=EDGE_CURVE('',#735,#847,#151,.T.);
#1071=EDGE_CURVE('',#848,#736,#152,.T.);
#1072=EDGE_CURVE('',#846,#848,#153,.F.);
#1073=EDGE_CURVE('',#849,#848,#22,.T.);
#1074=EDGE_CURVE('',#737,#849,#154,.T.);
#1075=EDGE_CURVE('',#849,#850,#155,.F.);
#1076=EDGE_CURVE('',#850,#828,#156,.T.);
#1077=EDGE_CURVE('',#850,#851,#23,.F.);
#1078=EDGE_CURVE('',#834,#851,#697,.T.);
#1079=EDGE_CURVE('',#715,#829,#157,.T.);
#1080=EDGE_CURVE('',#852,#853,#698,.T.);
#1081=EDGE_CURVE('',#842,#853,#158,.T.);
#1082=EDGE_CURVE('',#841,#852,#159,.T.);
#1083=EDGE_CURVE('',#853,#854,#160,.T.);
#1084=EDGE_CURVE('',#843,#854,#161,.T.);
#1085=EDGE_CURVE('',#854,#855,#699,.T.);
#1086=EDGE_CURVE('',#844,#855,#162,.T.);
#1087=EDGE_CURVE('',#855,#856,#163,.T.);
#1088=EDGE_CURVE('',#837,#856,#164,.T.);
#1089=EDGE_CURVE('',#856,#857,#700,.T.);
#1090=EDGE_CURVE('',#838,#857,#165,.T.);
#1091=EDGE_CURVE('',#857,#858,#166,.T.);
#1092=EDGE_CURVE('',#839,#858,#167,.T.);
#1093=EDGE_CURVE('',#858,#859,#701,.T.);
#1094=EDGE_CURVE('',#840,#859,#168,.T.);
#1095=EDGE_CURVE('',#859,#852,#169,.T.);
#1096=EDGE_CURVE('',#860,#861,#702,.F.);
#1097=EDGE_CURVE('',#845,#861,#170,.T.);
#1098=EDGE_CURVE('',#851,#862,#171,.F.);
#1099=EDGE_CURVE('',#862,#863,#703,.F.);
#1100=EDGE_CURVE('',#860,#863,#172,.T.);
#1101=EDGE_CURVE('',#861,#864,#24,.F.);
#1102=EDGE_CURVE('',#865,#864,#173,.T.);
#1103=EDGE_CURVE('',#865,#866,#25,.F.);
#1104=EDGE_CURVE('',#867,#866,#174,.F.);
#1105=EDGE_CURVE('',#867,#868,#26,.F.);
#1106=EDGE_CURVE('',#869,#868,#175,.T.);
#1107=EDGE_CURVE('',#869,#862,#27,.F.);
#1108=EDGE_CURVE('',#866,#797,#176,.T.);
#1109=EDGE_CURVE('',#867,#804,#177,.T.);
#1110=EDGE_CURVE('',#868,#803,#178,.T.);
#1111=EDGE_CURVE('',#869,#802,#179,.T.);
#1112=EDGE_CURVE('',#863,#801,#180,.T.);
#1113=EDGE_CURVE('',#860,#800,#181,.T.);
#1114=EDGE_CURVE('',#864,#799,#182,.T.);
#1115=EDGE_CURVE('',#865,#798,#183,.T.);
#1116=EDGE_CURVE('',#805,#714,#184,.T.);
#1117=ORIENTED_EDGE('',*,*,#870,.T.);
#1118=ORIENTED_EDGE('',*,*,#871,.F.);
#1119=ORIENTED_EDGE('',*,*,#872,.F.);
#1120=ORIENTED_EDGE('',*,*,#873,.T.);
#1121=ORIENTED_EDGE('',*,*,#871,.T.);
#1122=ORIENTED_EDGE('',*,*,#873,.F.);
#1123=ORIENTED_EDGE('',*,*,#874,.F.);
#1124=ORIENTED_EDGE('',*,*,#875,.T.);
#1125=ORIENTED_EDGE('',*,*,#876,.F.);
#1126=ORIENTED_EDGE('',*,*,#875,.F.);
#1127=ORIENTED_EDGE('',*,*,#874,.T.);
#1128=ORIENTED_EDGE('',*,*,#872,.T.);
#1129=ORIENTED_EDGE('',*,*,#877,.T.);
#1130=ORIENTED_EDGE('',*,*,#878,.F.);
#1131=ORIENTED_EDGE('',*,*,#879,.F.);
#1132=ORIENTED_EDGE('',*,*,#880,.T.);
#1133=ORIENTED_EDGE('',*,*,#878,.T.);
#1134=ORIENTED_EDGE('',*,*,#880,.F.);
#1135=ORIENTED_EDGE('',*,*,#881,.F.);
#1136=ORIENTED_EDGE('',*,*,#882,.T.);
#1137=ORIENTED_EDGE('',*,*,#883,.F.);
#1138=ORIENTED_EDGE('',*,*,#882,.F.);
#1139=ORIENTED_EDGE('',*,*,#881,.T.);
#1140=ORIENTED_EDGE('',*,*,#879,.T.);
#1141=ORIENTED_EDGE('',*,*,#884,.F.);
#1142=ORIENTED_EDGE('',*,*,#885,.F.);
#1143=ORIENTED_EDGE('',*,*,#886,.F.);
#1144=ORIENTED_EDGE('',*,*,#887,.T.);
#1145=ORIENTED_EDGE('',*,*,#870,.F.);
#1146=ORIENTED_EDGE('',*,*,#887,.F.);
#1147=ORIENTED_EDGE('',*,*,#888,.F.);
#1148=ORIENTED_EDGE('',*,*,#889,.T.);
#1149=ORIENTED_EDGE('',*,*,#877,.F.);
#1150=ORIENTED_EDGE('',*,*,#889,.F.);
#1151=ORIENTED_EDGE('',*,*,#890,.F.);
#1152=ORIENTED_EDGE('',*,*,#891,.T.);
#1153=ORIENTED_EDGE('',*,*,#892,.F.);
#1154=ORIENTED_EDGE('',*,*,#893,.F.);
#1155=ORIENTED_EDGE('',*,*,#894,.F.);
#1156=ORIENTED_EDGE('',*,*,#895,.T.);
#1157=ORIENTED_EDGE('',*,*,#896,.F.);
#1158=ORIENTED_EDGE('',*,*,#891,.F.);
#1159=ORIENTED_EDGE('',*,*,#897,.F.);
#1160=ORIENTED_EDGE('',*,*,#898,.T.);
#1161=ORIENTED_EDGE('',*,*,#899,.F.);
#1162=ORIENTED_EDGE('',*,*,#895,.F.);
#1163=ORIENTED_EDGE('',*,*,#900,.F.);
#1164=ORIENTED_EDGE('',*,*,#893,.T.);
#1165=ORIENTED_EDGE('',*,*,#901,.F.);
#1166=ORIENTED_EDGE('',*,*,#898,.F.);
#1167=ORIENTED_EDGE('',*,*,#902,.T.);
#1168=ORIENTED_EDGE('',*,*,#903,.T.);
#1169=ORIENTED_EDGE('',*,*,#904,.T.);
#1170=ORIENTED_EDGE('',*,*,#905,.F.);
#1171=ORIENTED_EDGE('',*,*,#906,.F.);
#1172=ORIENTED_EDGE('',*,*,#907,.F.);
#1173=ORIENTED_EDGE('',*,*,#908,.T.);
#1174=ORIENTED_EDGE('',*,*,#909,.F.);
#1175=ORIENTED_EDGE('',*,*,#910,.F.);
#1176=ORIENTED_EDGE('',*,*,#911,.F.);
#1177=ORIENTED_EDGE('',*,*,#912,.F.);
#1178=ORIENTED_EDGE('',*,*,#913,.F.);
#1179=ORIENTED_EDGE('',*,*,#914,.F.);
#1180=ORIENTED_EDGE('',*,*,#915,.F.);
#1181=ORIENTED_EDGE('',*,*,#916,.F.);
#1182=ORIENTED_EDGE('',*,*,#917,.F.);
#1183=ORIENTED_EDGE('',*,*,#918,.T.);
#1184=ORIENTED_EDGE('',*,*,#919,.T.);
#1185=ORIENTED_EDGE('',*,*,#920,.T.);
#1186=ORIENTED_EDGE('',*,*,#921,.T.);
#1187=ORIENTED_EDGE('',*,*,#922,.T.);
#1188=ORIENTED_EDGE('',*,*,#923,.T.);
#1189=ORIENTED_EDGE('',*,*,#924,.T.);
#1190=ORIENTED_EDGE('',*,*,#925,.T.);
#1191=ORIENTED_EDGE('',*,*,#926,.T.);
#1192=ORIENTED_EDGE('',*,*,#927,.F.);
#1193=ORIENTED_EDGE('',*,*,#928,.T.);
#1194=ORIENTED_EDGE('',*,*,#929,.F.);
#1195=ORIENTED_EDGE('',*,*,#930,.F.);
#1196=ORIENTED_EDGE('',*,*,#931,.T.);
#1197=ORIENTED_EDGE('',*,*,#932,.F.);
#1198=ORIENTED_EDGE('',*,*,#933,.T.);
#1199=ORIENTED_EDGE('',*,*,#934,.T.);
#1200=ORIENTED_EDGE('',*,*,#935,.T.);
#1201=ORIENTED_EDGE('',*,*,#936,.T.);
#1202=ORIENTED_EDGE('',*,*,#919,.F.);
#1203=ORIENTED_EDGE('',*,*,#937,.T.);
#1204=ORIENTED_EDGE('',*,*,#938,.T.);
#1205=ORIENTED_EDGE('',*,*,#939,.F.);
#1206=ORIENTED_EDGE('',*,*,#918,.F.);
#1207=ORIENTED_EDGE('',*,*,#940,.T.);
#1208=ORIENTED_EDGE('',*,*,#941,.T.);
#1209=ORIENTED_EDGE('',*,*,#937,.F.);
#1210=ORIENTED_EDGE('',*,*,#904,.F.);
#1211=ORIENTED_EDGE('',*,*,#942,.F.);
#1212=ORIENTED_EDGE('',*,*,#943,.T.);
#1213=ORIENTED_EDGE('',*,*,#944,.F.);
#1214=ORIENTED_EDGE('',*,*,#922,.F.);
#1215=ORIENTED_EDGE('',*,*,#945,.T.);
#1216=ORIENTED_EDGE('',*,*,#946,.T.);
#1217=ORIENTED_EDGE('',*,*,#947,.F.);
#1218=ORIENTED_EDGE('',*,*,#921,.F.);
#1219=ORIENTED_EDGE('',*,*,#948,.T.);
#1220=ORIENTED_EDGE('',*,*,#949,.T.);
#1221=ORIENTED_EDGE('',*,*,#945,.F.);
#1222=ORIENTED_EDGE('',*,*,#920,.F.);
#1223=ORIENTED_EDGE('',*,*,#939,.T.);
#1224=ORIENTED_EDGE('',*,*,#950,.T.);
#1225=ORIENTED_EDGE('',*,*,#948,.F.);
#1226=ORIENTED_EDGE('',*,*,#942,.T.);
#1227=ORIENTED_EDGE('',*,*,#903,.F.);
#1228=ORIENTED_EDGE('',*,*,#951,.T.);
#1229=ORIENTED_EDGE('',*,*,#952,.T.);
#1230=ORIENTED_EDGE('',*,*,#902,.F.);
#1231=ORIENTED_EDGE('',*,*,#953,.T.);
#1232=ORIENTED_EDGE('',*,*,#954,.T.);
#1233=ORIENTED_EDGE('',*,*,#951,.F.);
#1234=ORIENTED_EDGE('',*,*,#947,.T.);
#1235=ORIENTED_EDGE('',*,*,#955,.T.);
#1236=ORIENTED_EDGE('',*,*,#953,.F.);
#1237=ORIENTED_EDGE('',*,*,#923,.F.);
#1238=ORIENTED_EDGE('',*,*,#954,.F.);
#1239=ORIENTED_EDGE('',*,*,#955,.F.);
#1240=ORIENTED_EDGE('',*,*,#946,.F.);
#1241=ORIENTED_EDGE('',*,*,#949,.F.);
#1242=ORIENTED_EDGE('',*,*,#950,.F.);
#1243=ORIENTED_EDGE('',*,*,#938,.F.);
#1244=ORIENTED_EDGE('',*,*,#941,.F.);
#1245=ORIENTED_EDGE('',*,*,#956,.F.);
#1246=ORIENTED_EDGE('',*,*,#943,.F.);
#1247=ORIENTED_EDGE('',*,*,#952,.F.);
#1248=ORIENTED_EDGE('',*,*,#957,.T.);
#1249=ORIENTED_EDGE('',*,*,#958,.T.);
#1250=ORIENTED_EDGE('',*,*,#959,.T.);
#1251=ORIENTED_EDGE('',*,*,#960,.T.);
#1252=ORIENTED_EDGE('',*,*,#958,.F.);
#1253=ORIENTED_EDGE('',*,*,#961,.T.);
#1254=ORIENTED_EDGE('',*,*,#962,.F.);
#1255=ORIENTED_EDGE('',*,*,#963,.T.);
#1256=ORIENTED_EDGE('',*,*,#964,.T.);
#1257=ORIENTED_EDGE('',*,*,#965,.T.);
#1258=ORIENTED_EDGE('',*,*,#966,.T.);
#1259=ORIENTED_EDGE('',*,*,#967,.T.);
#1260=ORIENTED_EDGE('',*,*,#960,.F.);
#1261=ORIENTED_EDGE('',*,*,#968,.T.);
#1262=ORIENTED_EDGE('',*,*,#965,.F.);
#1263=ORIENTED_EDGE('',*,*,#969,.T.);
#1264=ORIENTED_EDGE('',*,*,#970,.T.);
#1265=ORIENTED_EDGE('',*,*,#971,.T.);
#1266=ORIENTED_EDGE('',*,*,#972,.T.);
#1267=ORIENTED_EDGE('',*,*,#973,.T.);
#1268=ORIENTED_EDGE('',*,*,#967,.F.);
#1269=ORIENTED_EDGE('',*,*,#974,.T.);
#1270=ORIENTED_EDGE('',*,*,#971,.F.);
#1271=ORIENTED_EDGE('',*,*,#975,.T.);
#1272=ORIENTED_EDGE('',*,*,#976,.T.);
#1273=ORIENTED_EDGE('',*,*,#977,.T.);
#1274=ORIENTED_EDGE('',*,*,#978,.T.);
#1275=ORIENTED_EDGE('',*,*,#962,.T.);
#1276=ORIENTED_EDGE('',*,*,#973,.F.);
#1277=ORIENTED_EDGE('',*,*,#979,.T.);
#1278=ORIENTED_EDGE('',*,*,#977,.F.);
#1279=ORIENTED_EDGE('',*,*,#980,.T.);
#1280=ORIENTED_EDGE('',*,*,#981,.F.);
#1281=ORIENTED_EDGE('',*,*,#908,.F.);
#1282=ORIENTED_EDGE('',*,*,#982,.F.);
#1283=ORIENTED_EDGE('',*,*,#983,.F.);
#1284=ORIENTED_EDGE('',*,*,#984,.T.);
#1285=ORIENTED_EDGE('',*,*,#985,.F.);
#1286=ORIENTED_EDGE('',*,*,#986,.F.);
#1287=ORIENTED_EDGE('',*,*,#983,.T.);
#1288=ORIENTED_EDGE('',*,*,#987,.T.);
#1289=ORIENTED_EDGE('',*,*,#987,.F.);
#1290=ORIENTED_EDGE('',*,*,#988,.T.);
#1291=ORIENTED_EDGE('',*,*,#985,.T.);
#1292=ORIENTED_EDGE('',*,*,#988,.F.);
#1293=ORIENTED_EDGE('',*,*,#981,.T.);
#1294=ORIENTED_EDGE('',*,*,#986,.T.);
#1295=ORIENTED_EDGE('',*,*,#982,.T.);
#1296=ORIENTED_EDGE('',*,*,#907,.T.);
#1297=ORIENTED_EDGE('',*,*,#989,.T.);
#1298=ORIENTED_EDGE('',*,*,#990,.T.);
#1299=ORIENTED_EDGE('',*,*,#991,.T.);
#1300=ORIENTED_EDGE('',*,*,#992,.T.);
#1301=ORIENTED_EDGE('',*,*,#993,.T.);
#1302=ORIENTED_EDGE('',*,*,#909,.T.);
#1303=ORIENTED_EDGE('',*,*,#994,.F.);
#1304=ORIENTED_EDGE('',*,*,#995,.T.);
#1305=ORIENTED_EDGE('',*,*,#984,.F.);
#1306=ORIENTED_EDGE('',*,*,#995,.F.);
#1307=ORIENTED_EDGE('',*,*,#996,.T.);
#1308=ORIENTED_EDGE('',*,*,#997,.T.);
#1309=ORIENTED_EDGE('',*,*,#998,.T.);
#1310=ORIENTED_EDGE('',*,*,#999,.T.);
#1311=ORIENTED_EDGE('',*,*,#1000,.T.);
#1312=ORIENTED_EDGE('',*,*,#1001,.T.);
#1313=ORIENTED_EDGE('',*,*,#1002,.T.);
#1314=ORIENTED_EDGE('',*,*,#1003,.T.);
#1315=ORIENTED_EDGE('',*,*,#994,.T.);
#1316=ORIENTED_EDGE('',*,*,#1004,.T.);
#1317=ORIENTED_EDGE('',*,*,#1005,.F.);
#1318=ORIENTED_EDGE('',*,*,#1006,.F.);
#1319=ORIENTED_EDGE('',*,*,#1007,.F.);
#1320=ORIENTED_EDGE('',*,*,#1008,.F.);
#1321=ORIENTED_EDGE('',*,*,#1009,.F.);
#1322=ORIENTED_EDGE('',*,*,#1010,.F.);
#1323=ORIENTED_EDGE('',*,*,#1011,.F.);
#1324=ORIENTED_EDGE('',*,*,#1012,.F.);
#1325=ORIENTED_EDGE('',*,*,#1013,.F.);
#1326=ORIENTED_EDGE('',*,*,#1014,.F.);
#1327=ORIENTED_EDGE('',*,*,#1015,.F.);
#1328=ORIENTED_EDGE('',*,*,#1016,.F.);
#1329=ORIENTED_EDGE('',*,*,#1017,.F.);
#1330=ORIENTED_EDGE('',*,*,#1005,.T.);
#1331=ORIENTED_EDGE('',*,*,#1018,.T.);
#1332=ORIENTED_EDGE('',*,*,#936,.F.);
#1333=ORIENTED_EDGE('',*,*,#1018,.F.);
#1334=ORIENTED_EDGE('',*,*,#1006,.T.);
#1335=ORIENTED_EDGE('',*,*,#1019,.T.);
#1336=ORIENTED_EDGE('',*,*,#935,.F.);
#1337=ORIENTED_EDGE('',*,*,#1019,.F.);
#1338=ORIENTED_EDGE('',*,*,#1007,.T.);
#1339=ORIENTED_EDGE('',*,*,#1020,.T.);
#1340=ORIENTED_EDGE('',*,*,#934,.F.);
#1341=ORIENTED_EDGE('',*,*,#1020,.F.);
#1342=ORIENTED_EDGE('',*,*,#1008,.T.);
#1343=ORIENTED_EDGE('',*,*,#1021,.T.);
#1344=ORIENTED_EDGE('',*,*,#933,.F.);
#1345=ORIENTED_EDGE('',*,*,#1021,.F.);
#1346=ORIENTED_EDGE('',*,*,#932,.T.);
#1347=ORIENTED_EDGE('',*,*,#1022,.T.);
#1348=ORIENTED_EDGE('',*,*,#1011,.T.);
#1349=ORIENTED_EDGE('',*,*,#1023,.F.);
#1350=ORIENTED_EDGE('',*,*,#931,.F.);
#1351=ORIENTED_EDGE('',*,*,#1024,.T.);
#1352=ORIENTED_EDGE('',*,*,#1012,.T.);
#1353=ORIENTED_EDGE('',*,*,#1022,.F.);
#1354=ORIENTED_EDGE('',*,*,#930,.T.);
#1355=ORIENTED_EDGE('',*,*,#1025,.T.);
#1356=ORIENTED_EDGE('',*,*,#1013,.T.);
#1357=ORIENTED_EDGE('',*,*,#1024,.F.);
#1358=ORIENTED_EDGE('',*,*,#929,.T.);
#1359=ORIENTED_EDGE('',*,*,#1026,.T.);
#1360=ORIENTED_EDGE('',*,*,#1014,.T.);
#1361=ORIENTED_EDGE('',*,*,#1025,.F.);
#1362=ORIENTED_EDGE('',*,*,#928,.F.);
#1363=ORIENTED_EDGE('',*,*,#1027,.T.);
#1364=ORIENTED_EDGE('',*,*,#1015,.T.);
#1365=ORIENTED_EDGE('',*,*,#1026,.F.);
#1366=ORIENTED_EDGE('',*,*,#927,.T.);
#1367=ORIENTED_EDGE('',*,*,#1028,.T.);
#1368=ORIENTED_EDGE('',*,*,#1016,.T.);
#1369=ORIENTED_EDGE('',*,*,#1027,.F.);
#1370=ORIENTED_EDGE('',*,*,#926,.F.);
#1371=ORIENTED_EDGE('',*,*,#1029,.T.);
#1372=ORIENTED_EDGE('',*,*,#1009,.T.);
#1373=ORIENTED_EDGE('',*,*,#1028,.F.);
#1374=ORIENTED_EDGE('',*,*,#925,.F.);
#1375=ORIENTED_EDGE('',*,*,#1023,.T.);
#1376=ORIENTED_EDGE('',*,*,#1010,.T.);
#1377=ORIENTED_EDGE('',*,*,#1029,.F.);
#1378=ORIENTED_EDGE('',*,*,#1017,.T.);
#1379=ORIENTED_EDGE('',*,*,#1030,.T.);
#1380=ORIENTED_EDGE('',*,*,#924,.F.);
#1381=ORIENTED_EDGE('',*,*,#1030,.F.);
#1382=ORIENTED_EDGE('',*,*,#915,.T.);
#1383=ORIENTED_EDGE('',*,*,#1031,.T.);
#1384=ORIENTED_EDGE('',*,*,#1032,.F.);
#1385=ORIENTED_EDGE('',*,*,#1033,.F.);
#1386=ORIENTED_EDGE('',*,*,#1034,.F.);
#1387=ORIENTED_EDGE('',*,*,#1035,.T.);
#1388=ORIENTED_EDGE('',*,*,#1036,.F.);
#1389=ORIENTED_EDGE('',*,*,#1037,.F.);
#1390=ORIENTED_EDGE('',*,*,#916,.T.);
#1391=ORIENTED_EDGE('',*,*,#1033,.T.);
#1392=ORIENTED_EDGE('',*,*,#1038,.F.);
#1393=ORIENTED_EDGE('',*,*,#1039,.F.);
#1394=ORIENTED_EDGE('',*,*,#914,.T.);
#1395=ORIENTED_EDGE('',*,*,#1040,.F.);
#1396=ORIENTED_EDGE('',*,*,#1041,.F.);
#1397=ORIENTED_EDGE('',*,*,#1031,.F.);
#1398=ORIENTED_EDGE('',*,*,#1042,.F.);
#1399=ORIENTED_EDGE('',*,*,#1043,.F.);
#1400=ORIENTED_EDGE('',*,*,#1038,.T.);
#1401=ORIENTED_EDGE('',*,*,#1032,.T.);
#1402=ORIENTED_EDGE('',*,*,#1041,.T.);
#1403=ORIENTED_EDGE('',*,*,#1044,.F.);
#1404=ORIENTED_EDGE('',*,*,#1045,.T.);
#1405=ORIENTED_EDGE('',*,*,#1046,.F.);
#1406=ORIENTED_EDGE('',*,*,#1047,.T.);
#1407=ORIENTED_EDGE('',*,*,#1048,.F.);
#1408=ORIENTED_EDGE('',*,*,#1035,.F.);
#1409=ORIENTED_EDGE('',*,*,#1048,.T.);
#1410=ORIENTED_EDGE('',*,*,#1049,.T.);
#1411=ORIENTED_EDGE('',*,*,#1050,.T.);
#1412=ORIENTED_EDGE('',*,*,#1036,.T.);
#1413=ORIENTED_EDGE('',*,*,#1051,.F.);
#1414=ORIENTED_EDGE('',*,*,#1037,.T.);
#1415=ORIENTED_EDGE('',*,*,#1050,.F.);
#1416=ORIENTED_EDGE('',*,*,#1052,.F.);
#1417=ORIENTED_EDGE('',*,*,#1039,.T.);
#1418=ORIENTED_EDGE('',*,*,#1043,.T.);
#1419=ORIENTED_EDGE('',*,*,#1053,.T.);
#1420=ORIENTED_EDGE('',*,*,#1054,.T.);
#1421=ORIENTED_EDGE('',*,*,#1055,.T.);
#1422=ORIENTED_EDGE('',*,*,#1056,.T.);
#1423=ORIENTED_EDGE('',*,*,#905,.T.);
#1424=ORIENTED_EDGE('',*,*,#944,.T.);
#1425=ORIENTED_EDGE('',*,*,#956,.T.);
#1426=ORIENTED_EDGE('',*,*,#940,.F.);
#1427=ORIENTED_EDGE('',*,*,#917,.T.);
#1428=ORIENTED_EDGE('',*,*,#876,.T.);
#1429=ORIENTED_EDGE('',*,*,#883,.T.);
#1430=ORIENTED_EDGE('',*,*,#892,.T.);
#1431=ORIENTED_EDGE('',*,*,#896,.T.);
#1432=ORIENTED_EDGE('',*,*,#899,.T.);
#1433=ORIENTED_EDGE('',*,*,#901,.T.);
#1434=ORIENTED_EDGE('',*,*,#1051,.T.);
#1435=ORIENTED_EDGE('',*,*,#1057,.F.);
#1436=ORIENTED_EDGE('',*,*,#1058,.F.);
#1437=ORIENTED_EDGE('',*,*,#1059,.F.);
#1438=ORIENTED_EDGE('',*,*,#1060,.F.);
#1439=ORIENTED_EDGE('',*,*,#1061,.F.);
#1440=ORIENTED_EDGE('',*,*,#1062,.F.);
#1441=ORIENTED_EDGE('',*,*,#1063,.F.);
#1442=ORIENTED_EDGE('',*,*,#1064,.F.);
#1443=ORIENTED_EDGE('',*,*,#1065,.F.);
#1444=ORIENTED_EDGE('',*,*,#1046,.T.);
#1445=ORIENTED_EDGE('',*,*,#1034,.T.);
#1446=ORIENTED_EDGE('',*,*,#1066,.T.);
#1447=ORIENTED_EDGE('',*,*,#1067,.F.);
#1448=ORIENTED_EDGE('',*,*,#990,.F.);
#1449=ORIENTED_EDGE('',*,*,#989,.F.);
#1450=ORIENTED_EDGE('',*,*,#906,.T.);
#1451=ORIENTED_EDGE('',*,*,#1056,.F.);
#1452=ORIENTED_EDGE('',*,*,#1055,.F.);
#1453=ORIENTED_EDGE('',*,*,#992,.F.);
#1454=ORIENTED_EDGE('',*,*,#1068,.F.);
#1455=ORIENTED_EDGE('',*,*,#1069,.F.);
#1456=ORIENTED_EDGE('',*,*,#1070,.F.);
#1457=ORIENTED_EDGE('',*,*,#910,.T.);
#1458=ORIENTED_EDGE('',*,*,#993,.F.);
#1459=ORIENTED_EDGE('',*,*,#1071,.T.);
#1460=ORIENTED_EDGE('',*,*,#911,.T.);
#1461=ORIENTED_EDGE('',*,*,#1070,.T.);
#1462=ORIENTED_EDGE('',*,*,#1069,.T.);
#1463=ORIENTED_EDGE('',*,*,#1072,.T.);
#1464=ORIENTED_EDGE('',*,*,#1071,.F.);
#1465=ORIENTED_EDGE('',*,*,#1073,.F.);
#1466=ORIENTED_EDGE('',*,*,#1074,.F.);
#1467=ORIENTED_EDGE('',*,*,#912,.T.);
#1468=ORIENTED_EDGE('',*,*,#1040,.T.);
#1469=ORIENTED_EDGE('',*,*,#913,.T.);
#1470=ORIENTED_EDGE('',*,*,#1074,.T.);
#1471=ORIENTED_EDGE('',*,*,#1075,.T.);
#1472=ORIENTED_EDGE('',*,*,#1076,.T.);
#1473=ORIENTED_EDGE('',*,*,#1044,.T.);
#1474=ORIENTED_EDGE('',*,*,#963,.F.);
#1475=ORIENTED_EDGE('',*,*,#978,.F.);
#1476=ORIENTED_EDGE('',*,*,#979,.F.);
#1477=ORIENTED_EDGE('',*,*,#972,.F.);
#1478=ORIENTED_EDGE('',*,*,#974,.F.);
#1479=ORIENTED_EDGE('',*,*,#966,.F.);
#1480=ORIENTED_EDGE('',*,*,#968,.F.);
#1481=ORIENTED_EDGE('',*,*,#959,.F.);
#1482=ORIENTED_EDGE('',*,*,#1042,.T.);
#1483=ORIENTED_EDGE('',*,*,#1076,.F.);
#1484=ORIENTED_EDGE('',*,*,#1077,.T.);
#1485=ORIENTED_EDGE('',*,*,#1078,.F.);
#1486=ORIENTED_EDGE('',*,*,#1053,.F.);
#1487=ORIENTED_EDGE('',*,*,#885,.T.);
#1488=ORIENTED_EDGE('',*,*,#1079,.T.);
#1489=ORIENTED_EDGE('',*,*,#1045,.F.);
#1490=ORIENTED_EDGE('',*,*,#1079,.F.);
#1491=ORIENTED_EDGE('',*,*,#1080,.T.);
#1492=ORIENTED_EDGE('',*,*,#1081,.F.);
#1493=ORIENTED_EDGE('',*,*,#1062,.T.);
#1494=ORIENTED_EDGE('',*,*,#1082,.T.);
#1495=ORIENTED_EDGE('',*,*,#1083,.T.);
#1496=ORIENTED_EDGE('',*,*,#1084,.F.);
#1497=ORIENTED_EDGE('',*,*,#1063,.T.);
#1498=ORIENTED_EDGE('',*,*,#1081,.T.);
#1499=ORIENTED_EDGE('',*,*,#1085,.T.);
#1500=ORIENTED_EDGE('',*,*,#1086,.F.);
#1501=ORIENTED_EDGE('',*,*,#1064,.T.);
#1502=ORIENTED_EDGE('',*,*,#1084,.T.);
#1503=ORIENTED_EDGE('',*,*,#1087,.T.);
#1504=ORIENTED_EDGE('',*,*,#1088,.F.);
#1505=ORIENTED_EDGE('',*,*,#1057,.T.);
#1506=ORIENTED_EDGE('',*,*,#1052,.T.);
#1507=ORIENTED_EDGE('',*,*,#1049,.F.);
#1508=ORIENTED_EDGE('',*,*,#1047,.F.);
#1509=ORIENTED_EDGE('',*,*,#1065,.T.);
#1510=ORIENTED_EDGE('',*,*,#1086,.T.);
#1511=ORIENTED_EDGE('',*,*,#1089,.T.);
#1512=ORIENTED_EDGE('',*,*,#1090,.F.);
#1513=ORIENTED_EDGE('',*,*,#1058,.T.);
#1514=ORIENTED_EDGE('',*,*,#1088,.T.);
#1515=ORIENTED_EDGE('',*,*,#1091,.T.);
#1516=ORIENTED_EDGE('',*,*,#1092,.F.);
#1517=ORIENTED_EDGE('',*,*,#1059,.T.);
#1518=ORIENTED_EDGE('',*,*,#1090,.T.);
#1519=ORIENTED_EDGE('',*,*,#1093,.T.);
#1520=ORIENTED_EDGE('',*,*,#1094,.F.);
#1521=ORIENTED_EDGE('',*,*,#1060,.T.);
#1522=ORIENTED_EDGE('',*,*,#1092,.T.);
#1523=ORIENTED_EDGE('',*,*,#1061,.T.);
#1524=ORIENTED_EDGE('',*,*,#1094,.T.);
#1525=ORIENTED_EDGE('',*,*,#1095,.T.);
#1526=ORIENTED_EDGE('',*,*,#1082,.F.);
#1527=ORIENTED_EDGE('',*,*,#1096,.T.);
#1528=ORIENTED_EDGE('',*,*,#1097,.F.);
#1529=ORIENTED_EDGE('',*,*,#1066,.F.);
#1530=ORIENTED_EDGE('',*,*,#1054,.F.);
#1531=ORIENTED_EDGE('',*,*,#1078,.T.);
#1532=ORIENTED_EDGE('',*,*,#1098,.T.);
#1533=ORIENTED_EDGE('',*,*,#1099,.T.);
#1534=ORIENTED_EDGE('',*,*,#1100,.F.);
#1535=ORIENTED_EDGE('',*,*,#1101,.T.);
#1536=ORIENTED_EDGE('',*,*,#1102,.F.);
#1537=ORIENTED_EDGE('',*,*,#1103,.T.);
#1538=ORIENTED_EDGE('',*,*,#1104,.F.);
#1539=ORIENTED_EDGE('',*,*,#1105,.T.);
#1540=ORIENTED_EDGE('',*,*,#1106,.F.);
#1541=ORIENTED_EDGE('',*,*,#1107,.T.);
#1542=ORIENTED_EDGE('',*,*,#1098,.F.);
#1543=ORIENTED_EDGE('',*,*,#1077,.F.);
#1544=ORIENTED_EDGE('',*,*,#1075,.F.);
#1545=ORIENTED_EDGE('',*,*,#1073,.T.);
#1546=ORIENTED_EDGE('',*,*,#1072,.F.);
#1547=ORIENTED_EDGE('',*,*,#1068,.T.);
#1548=ORIENTED_EDGE('',*,*,#991,.F.);
#1549=ORIENTED_EDGE('',*,*,#1067,.T.);
#1550=ORIENTED_EDGE('',*,*,#1097,.T.);
#1551=ORIENTED_EDGE('',*,*,#1108,.T.);
#1552=ORIENTED_EDGE('',*,*,#1003,.F.);
#1553=ORIENTED_EDGE('',*,*,#1109,.F.);
#1554=ORIENTED_EDGE('',*,*,#1104,.T.);
#1555=ORIENTED_EDGE('',*,*,#1105,.F.);
#1556=ORIENTED_EDGE('',*,*,#1109,.T.);
#1557=ORIENTED_EDGE('',*,*,#1002,.F.);
#1558=ORIENTED_EDGE('',*,*,#1110,.F.);
#1559=ORIENTED_EDGE('',*,*,#1111,.F.);
#1560=ORIENTED_EDGE('',*,*,#1106,.T.);
#1561=ORIENTED_EDGE('',*,*,#1110,.T.);
#1562=ORIENTED_EDGE('',*,*,#1001,.F.);
#1563=ORIENTED_EDGE('',*,*,#964,.F.);
#1564=ORIENTED_EDGE('',*,*,#975,.F.);
#1565=ORIENTED_EDGE('',*,*,#970,.F.);
#1566=ORIENTED_EDGE('',*,*,#980,.F.);
#1567=ORIENTED_EDGE('',*,*,#976,.F.);
#1568=ORIENTED_EDGE('',*,*,#961,.F.);
#1569=ORIENTED_EDGE('',*,*,#957,.F.);
#1570=ORIENTED_EDGE('',*,*,#969,.F.);
#1571=ORIENTED_EDGE('',*,*,#1099,.F.);
#1572=ORIENTED_EDGE('',*,*,#1107,.F.);
#1573=ORIENTED_EDGE('',*,*,#1111,.T.);
#1574=ORIENTED_EDGE('',*,*,#1000,.F.);
#1575=ORIENTED_EDGE('',*,*,#1112,.F.);
#1576=ORIENTED_EDGE('',*,*,#1113,.F.);
#1577=ORIENTED_EDGE('',*,*,#1100,.T.);
#1578=ORIENTED_EDGE('',*,*,#1112,.T.);
#1579=ORIENTED_EDGE('',*,*,#999,.F.);
#1580=ORIENTED_EDGE('',*,*,#886,.T.);
#1581=ORIENTED_EDGE('',*,*,#888,.T.);
#1582=ORIENTED_EDGE('',*,*,#890,.T.);
#1583=ORIENTED_EDGE('',*,*,#900,.T.);
#1584=ORIENTED_EDGE('',*,*,#897,.T.);
#1585=ORIENTED_EDGE('',*,*,#894,.T.);
#1586=ORIENTED_EDGE('',*,*,#1095,.F.);
#1587=ORIENTED_EDGE('',*,*,#1093,.F.);
#1588=ORIENTED_EDGE('',*,*,#1091,.F.);
#1589=ORIENTED_EDGE('',*,*,#1089,.F.);
#1590=ORIENTED_EDGE('',*,*,#1087,.F.);
#1591=ORIENTED_EDGE('',*,*,#1085,.F.);
#1592=ORIENTED_EDGE('',*,*,#1083,.F.);
#1593=ORIENTED_EDGE('',*,*,#1080,.F.);
#1594=ORIENTED_EDGE('',*,*,#1101,.F.);
#1595=ORIENTED_EDGE('',*,*,#1096,.F.);
#1596=ORIENTED_EDGE('',*,*,#1113,.T.);
#1597=ORIENTED_EDGE('',*,*,#998,.F.);
#1598=ORIENTED_EDGE('',*,*,#1114,.F.);
#1599=ORIENTED_EDGE('',*,*,#1115,.F.);
#1600=ORIENTED_EDGE('',*,*,#1102,.T.);
#1601=ORIENTED_EDGE('',*,*,#1114,.T.);
#1602=ORIENTED_EDGE('',*,*,#997,.F.);
#1603=ORIENTED_EDGE('',*,*,#1108,.F.);
#1604=ORIENTED_EDGE('',*,*,#1103,.F.);
#1605=ORIENTED_EDGE('',*,*,#1115,.T.);
#1606=ORIENTED_EDGE('',*,*,#996,.F.);
#1607=ORIENTED_EDGE('',*,*,#1004,.F.);
#1608=ORIENTED_EDGE('',*,*,#1116,.T.);
#1609=ORIENTED_EDGE('',*,*,#884,.T.);
#1610=ORIENTED_EDGE('',*,*,#1116,.F.);
#1611=PLANE('',#1772);
#1612=PLANE('',#1780);
#1613=PLANE('',#1781);
#1614=PLANE('',#1789);
#1615=PLANE('',#1790);
#1616=PLANE('',#1797);
#1617=PLANE('',#1798);
#1618=PLANE('',#1799);
#1619=PLANE('',#1800);
#1620=PLANE('',#1801);
#1621=PLANE('',#1822);
#1622=PLANE('',#1829);
#1623=PLANE('',#1834);
#1624=PLANE('',#1837);
#1625=PLANE('',#1841);
#1626=PLANE('',#1845);
#1627=PLANE('',#1849);
#1628=PLANE('',#1853);
#1629=PLANE('',#1856);
#1630=PLANE('',#1859);
#1631=PLANE('',#1862);
#1632=PLANE('',#1865);
#1633=PLANE('',#1871);
#1634=PLANE('',#1873);
#1635=PLANE('',#1875);
#1636=PLANE('',#1877);
#1637=PLANE('',#1879);
#1638=PLANE('',#1884);
#1639=PLANE('',#1891);
#1640=PLANE('',#1893);
#1641=PLANE('',#1895);
#1642=PLANE('',#1897);
#1643=PLANE('',#1901);
#1644=PLANE('',#1902);
#1645=PLANE('',#1903);
#1646=PLANE('',#1904);
#1647=PLANE('',#1907);
#1648=PLANE('',#1908);
#1649=PLANE('',#1909);
#1650=PLANE('',#1910);
#1651=PLANE('',#1920);
#1652=PLANE('',#1923);
#1653=PLANE('',#1930);
#1654=PLANE('',#1933);
#1655=PLANE('',#1936);
#1656=PLANE('',#1939);
#1657=PLANE('',#1940);
#1658=PLANE('',#1943);
#1659=PLANE('',#1948);
#1660=PLANE('',#1950);
#1661=PLANE('',#1952);
#1662=PLANE('',#1954);
#1663=ADVANCED_FACE('',(#411,#385),#1611,.F.);
#1664=ADVANCED_FACE('',(#412),#342,.F.);
#1665=ADVANCED_FACE('',(#413),#343,.T.);
#1666=ADVANCED_FACE('',(#414,#386),#1612,.T.);
#1667=ADVANCED_FACE('',(#415,#387),#1613,.F.);
#1668=ADVANCED_FACE('',(#416),#344,.F.);
#1669=ADVANCED_FACE('',(#417),#345,.T.);
#1670=ADVANCED_FACE('',(#418,#388),#1614,.T.);
#1671=ADVANCED_FACE('',(#419,#389),#1615,.F.);
#1672=ADVANCED_FACE('',(#420),#346,.F.);
#1673=ADVANCED_FACE('',(#421),#347,.F.);
#1674=ADVANCED_FACE('',(#422),#1616,.F.);
#1675=ADVANCED_FACE('',(#423),#1617,.F.);
#1676=ADVANCED_FACE('',(#424),#1618,.F.);
#1677=ADVANCED_FACE('',(#425),#1619,.F.);
#1678=ADVANCED_FACE('',(#426,#390,#391,#392,#393,#394,#395),#1620,.T.);
#1679=ADVANCED_FACE('',(#427),#1621,.F.);
#1680=ADVANCED_FACE('',(#428),#348,.F.);
#1681=ADVANCED_FACE('',(#429),#349,.F.);
#1682=ADVANCED_FACE('',(#430),#350,.F.);
#1683=ADVANCED_FACE('',(#431),#1622,.F.);
#1684=ADVANCED_FACE('',(#432),#351,.F.);
#1685=ADVANCED_FACE('',(#433),#352,.F.);
#1686=ADVANCED_FACE('',(#434),#1623,.F.);
#1687=ADVANCED_FACE('',(#435),#353,.F.);
#1688=ADVANCED_FACE('',(#436),#1624,.T.);
#1689=ADVANCED_FACE('',(#437),#354,.F.);
#1690=ADVANCED_FACE('',(#438),#1625,.T.);
#1691=ADVANCED_FACE('',(#439),#355,.F.);
#1692=ADVANCED_FACE('',(#440),#1626,.T.);
#1693=ADVANCED_FACE('',(#441),#356,.F.);
#1694=ADVANCED_FACE('',(#442),#1627,.T.);
#1695=ADVANCED_FACE('',(#443),#357,.F.);
#1696=ADVANCED_FACE('',(#444),#1628,.T.);
#1697=ADVANCED_FACE('',(#445),#358,.T.);
#1698=ADVANCED_FACE('',(#446,#396),#1629,.F.);
#1699=ADVANCED_FACE('',(#447,#397),#1630,.T.);
#1700=ADVANCED_FACE('',(#448),#359,.F.);
#1701=ADVANCED_FACE('',(#449),#1631,.F.);
#1702=ADVANCED_FACE('',(#450),#360,.F.);
#1703=ADVANCED_FACE('',(#451,#398,#399),#1632,.F.);
#1704=ADVANCED_FACE('',(#452),#1633,.T.);
#1705=ADVANCED_FACE('',(#453),#1634,.T.);
#1706=ADVANCED_FACE('',(#454),#1635,.T.);
#1707=ADVANCED_FACE('',(#455),#1636,.T.);
#1708=ADVANCED_FACE('',(#456),#1637,.F.);
#1709=ADVANCED_FACE('',(#457),#1638,.T.);
#1710=ADVANCED_FACE('',(#458),#361,.T.);
#1711=ADVANCED_FACE('',(#459),#362,.T.);
#1712=ADVANCED_FACE('',(#460),#363,.T.);
#1713=ADVANCED_FACE('',(#461),#364,.T.);
#1714=ADVANCED_FACE('',(#462),#365,.F.);
#1715=ADVANCED_FACE('',(#463),#1639,.F.);
#1716=ADVANCED_FACE('',(#464),#366,.F.);
#1717=ADVANCED_FACE('',(#465),#1640,.F.);
#1718=ADVANCED_FACE('',(#466),#367,.T.);
#1719=ADVANCED_FACE('',(#467),#1641,.F.);
#1720=ADVANCED_FACE('',(#468),#368,.T.);
#1721=ADVANCED_FACE('',(#469),#1642,.F.);
#1722=ADVANCED_FACE('',(#470),#369,.T.);
#1723=ADVANCED_FACE('',(#471),#370,.T.);
#1724=ADVANCED_FACE('',(#472),#1643,.T.);
#1725=ADVANCED_FACE('',(#473),#1644,.F.);
#1726=ADVANCED_FACE('',(#474),#1645,.F.);
#1727=ADVANCED_FACE('',(#475,#400),#1646,.F.);
#1728=ADVANCED_FACE('',(#476),#1647,.T.);
#1729=ADVANCED_FACE('',(#477),#1648,.T.);
#1730=ADVANCED_FACE('',(#478),#1649,.T.);
#1731=ADVANCED_FACE('',(#479,#401,#402,#403,#404),#1650,.F.);
#1732=ADVANCED_FACE('',(#480),#371,.F.);
#1733=ADVANCED_FACE('',(#481),#372,.F.);
#1734=ADVANCED_FACE('',(#482),#1651,.F.);
#1735=ADVANCED_FACE('',(#483),#373,.F.);
#1736=ADVANCED_FACE('',(#484,#405),#1652,.F.);
#1737=ADVANCED_FACE('',(#485),#374,.F.);
#1738=ADVANCED_FACE('',(#486),#375,.F.);
#1739=ADVANCED_FACE('',(#487),#376,.F.);
#1740=ADVANCED_FACE('',(#488),#1653,.T.);
#1741=ADVANCED_FACE('',(#489),#377,.F.);
#1742=ADVANCED_FACE('',(#490),#1654,.T.);
#1743=ADVANCED_FACE('',(#491),#378,.F.);
#1744=ADVANCED_FACE('',(#492),#1655,.T.);
#1745=ADVANCED_FACE('',(#493),#379,.F.);
#1746=ADVANCED_FACE('',(#494),#1656,.T.);
#1747=ADVANCED_FACE('',(#495),#1657,.F.);
#1748=ADVANCED_FACE('',(#496),#1658,.F.);
#1749=ADVANCED_FACE('',(#497),#1659,.T.);
#1750=ADVANCED_FACE('',(#498),#380,.T.);
#1751=ADVANCED_FACE('',(#499,#406),#1660,.F.);
#1752=ADVANCED_FACE('',(#500),#381,.T.);
#1753=ADVANCED_FACE('',(#501,#407,#408,#409,#410),#1661,.F.);
#1754=ADVANCED_FACE('',(#502),#382,.T.);
#1755=ADVANCED_FACE('',(#503),#1662,.F.);
#1756=ADVANCED_FACE('',(#504),#383,.T.);
#1757=ADVANCED_FACE('',(#505),#384,.F.);
#1758=CLOSED_SHELL('',(#1663,#1664,#1665,#1666,#1667,#1668,#1669,#1670,
#1671,#1672,#1673,#1674,#1675,#1676,#1677,#1678,#1679,#1680,#1681,#1682,
#1683,#1684,#1685,#1686,#1687,#1688,#1689,#1690,#1691,#1692,#1693,#1694,
#1695,#1696,#1697,#1698,#1699,#1700,#1701,#1702,#1703,#1704,#1705,#1706,
#1707,#1708,#1709,#1710,#1711,#1712,#1713,#1714,#1715,#1716,#1717,#1718,
#1719,#1720,#1721,#1722,#1723,#1724,#1725,#1726,#1727,#1728,#1729,#1730,
#1731,#1732,#1733,#1734,#1735,#1736,#1737,#1738,#1739,#1740,#1741,#1742,
#1743,#1744,#1745,#1746,#1747,#1748,#1749,#1750,#1751,#1752,#1753,#1754,
#1755,#1756,#1757));
#1759=DERIVED_UNIT_ELEMENT(#1761,1.);
#1760=DERIVED_UNIT_ELEMENT(#3000,-3.);
#1761=(
MASS_UNIT()
NAMED_UNIT(*)
SI_UNIT(.KILO.,.GRAM.)
);
#1762=DERIVED_UNIT((#1759,#1760));
#1763=MEASURE_REPRESENTATION_ITEM('density measure',
POSITIVE_RATIO_MEASURE(7850.),#1762);
#1764=PROPERTY_DEFINITION_REPRESENTATION(#1769,#1766);
#1765=PROPERTY_DEFINITION_REPRESENTATION(#1770,#1767);
#1766=REPRESENTATION('material name',(#1768),#2997);
#1767=REPRESENTATION('density',(#1763),#2997);
#1768=DESCRIPTIVE_REPRESENTATION_ITEM('Steel','Steel');
#1769=PROPERTY_DEFINITION('material property','material name',#3007);
#1770=PROPERTY_DEFINITION('material property','density of part',#3007);
#1771=AXIS2_PLACEMENT_3D('',#2486,#1957,#1958);
#1772=AXIS2_PLACEMENT_3D('',#2487,#1959,#1960);
#1773=AXIS2_PLACEMENT_3D('',#2489,#1961,#1962);
#1774=AXIS2_PLACEMENT_3D('',#2491,#1963,#1964);
#1775=AXIS2_PLACEMENT_3D('',#2492,#1965,#1966);
#1776=AXIS2_PLACEMENT_3D('',#2494,#1967,#1968);
#1777=AXIS2_PLACEMENT_3D('',#2496,#1970,#1971);
#1778=AXIS2_PLACEMENT_3D('',#2498,#1972,#1973);
#1779=AXIS2_PLACEMENT_3D('',#2501,#1975,#1976);
#1780=AXIS2_PLACEMENT_3D('',#2502,#1977,#1978);
#1781=AXIS2_PLACEMENT_3D('',#2503,#1979,#1980);
#1782=AXIS2_PLACEMENT_3D('',#2505,#1981,#1982);
#1783=AXIS2_PLACEMENT_3D('',#2507,#1983,#1984);
#1784=AXIS2_PLACEMENT_3D('',#2508,#1985,#1986);
#1785=AXIS2_PLACEMENT_3D('',#2510,#1987,#1988);
#1786=AXIS2_PLACEMENT_3D('',#2512,#1990,#1991);
#1787=AXIS2_PLACEMENT_3D('',#2514,#1992,#1993);
#1788=AXIS2_PLACEMENT_3D('',#2517,#1995,#1996);
#1789=AXIS2_PLACEMENT_3D('',#2518,#1997,#1998);
#1790=AXIS2_PLACEMENT_3D('',#2519,#1999,#2000);
#1791=AXIS2_PLACEMENT_3D('',#2521,#2001,#2002);
#1792=AXIS2_PLACEMENT_3D('',#2523,#2003,#2004);
#1793=AXIS2_PLACEMENT_3D('',#2524,#2005,#2006);
#1794=AXIS2_PLACEMENT_3D('',#2526,#2007,#2008);
#1795=AXIS2_PLACEMENT_3D('',#2528,#2010,#2011);
#1796=AXIS2_PLACEMENT_3D('',#2530,#2012,#2013);
#1797=AXIS2_PLACEMENT_3D('',#2532,#2015,#2016);
#1798=AXIS2_PLACEMENT_3D('',#2541,#2021,#2022);
#1799=AXIS2_PLACEMENT_3D('',#2547,#2026,#2027);
#1800=AXIS2_PLACEMENT_3D('',#2553,#2031,#2032);
#1801=AXIS2_PLACEMENT_3D('',#2556,#2035,#2036);
#1802=AXIS2_PLACEMENT_3D('',#2561,#2038,#2039);
#1803=AXIS2_PLACEMENT_3D('',#2563,#2040,#2041);
#1804=AXIS2_PLACEMENT_3D('',#2567,#2043,#2044);
#1805=AXIS2_PLACEMENT_3D('',#2571,#2046,#2047);
#1806=AXIS2_PLACEMENT_3D('',#2575,#2049,#2050);
#1807=AXIS2_PLACEMENT_3D('',#2579,#2052,#2053);
#1808=AXIS2_PLACEMENT_3D('',#2585,#2056,#2057);
#1809=AXIS2_PLACEMENT_3D('',#2591,#2060,#2061);
#1810=AXIS2_PLACEMENT_3D('',#2595,#2063,#2064);
#1811=AXIS2_PLACEMENT_3D('',#2599,#2066,#2067);
#1812=AXIS2_PLACEMENT_3D('',#2600,#2068,#2069);
#1813=AXIS2_PLACEMENT_3D('',#2602,#2070,#2071);
#1814=AXIS2_PLACEMENT_3D('',#2607,#2073,#2074);
#1815=AXIS2_PLACEMENT_3D('',#2611,#2076,#2077);
#1816=AXIS2_PLACEMENT_3D('',#2615,#2079,#2080);
#1817=AXIS2_PLACEMENT_3D('',#2618,#2082,#2083);
#1818=AXIS2_PLACEMENT_3D('',#2620,#2084,#2085);
#1819=AXIS2_PLACEMENT_3D('',#2622,#2086,#2087);
#1820=AXIS2_PLACEMENT_3D('',#2624,#2088,#2089);
#1821=AXIS2_PLACEMENT_3D('',#2626,#2090,#2091);
#1822=AXIS2_PLACEMENT_3D('',#2627,#2092,#2093);
#1823=AXIS2_PLACEMENT_3D('',#2633,#2097,#2098);
#1824=AXIS2_PLACEMENT_3D('',#2636,#2100,#2101);
#1825=AXIS2_PLACEMENT_3D('',#2637,#2102,#2103);
#1826=AXIS2_PLACEMENT_3D('',#2641,#2105,#2106);
#1827=AXIS2_PLACEMENT_3D('',#2643,#2108,#2109);
#1828=AXIS2_PLACEMENT_3D('',#2647,#2111,#2112);
#1829=AXIS2_PLACEMENT_3D('',#2649,#2114,#2115);
#1830=AXIS2_PLACEMENT_3D('',#2653,#2118,#2119);
#1831=AXIS2_PLACEMENT_3D('',#2654,#2120,#2121);
#1832=AXIS2_PLACEMENT_3D('',#2655,#2122,#2123);
#1833=AXIS2_PLACEMENT_3D('',#2658,#2125,#2126);
#1834=AXIS2_PLACEMENT_3D('',#2659,#2127,#2128);
#1835=AXIS2_PLACEMENT_3D('',#2663,#2131,#2132);
#1836=AXIS2_PLACEMENT_3D('',#2664,#2133,#2134);
#1837=AXIS2_PLACEMENT_3D('',#2665,#2135,#2136);
#1838=AXIS2_PLACEMENT_3D('',#2667,#2138,#2139);
#1839=AXIS2_PLACEMENT_3D('',#2670,#2140,#2141);
#1840=AXIS2_PLACEMENT_3D('',#2674,#2143,#2144);
#1841=AXIS2_PLACEMENT_3D('',#2676,#2146,#2147);
#1842=AXIS2_PLACEMENT_3D('',#2682,#2151,#2152);
#1843=AXIS2_PLACEMENT_3D('',#2685,#2153,#2154);
#1844=AXIS2_PLACEMENT_3D('',#2689,#2156,#2157);
#1845=AXIS2_PLACEMENT_3D('',#2691,#2159,#2160);
#1846=AXIS2_PLACEMENT_3D('',#2694,#2163,#2164);
#1847=AXIS2_PLACEMENT_3D('',#2697,#2165,#2166);
#1848=AXIS2_PLACEMENT_3D('',#2701,#2168,#2169);
#1849=AXIS2_PLACEMENT_3D('',#2703,#2171,#2172);
#1850=AXIS2_PLACEMENT_3D('',#2706,#2175,#2176);
#1851=AXIS2_PLACEMENT_3D('',#2708,#2177,#2178);
#1852=AXIS2_PLACEMENT_3D('',#2711,#2180,#2181);
#1853=AXIS2_PLACEMENT_3D('',#2712,#2182,#2183);
#1854=AXIS2_PLACEMENT_3D('',#2715,#2186,#2187);
#1855=AXIS2_PLACEMENT_3D('',#2720,#2190,#2191);
#1856=AXIS2_PLACEMENT_3D('',#2721,#2192,#2193);
#1857=AXIS2_PLACEMENT_3D('',#2723,#2194,#2195);
#1858=AXIS2_PLACEMENT_3D('',#2725,#2196,#2197);
#1859=AXIS2_PLACEMENT_3D('',#2726,#2198,#2199);
#1860=AXIS2_PLACEMENT_3D('',#2729,#2201,#2202);
#1861=AXIS2_PLACEMENT_3D('',#2730,#2203,#2204);
#1862=AXIS2_PLACEMENT_3D('',#2732,#2206,#2207);
#1863=AXIS2_PLACEMENT_3D('',#2742,#2213,#2214);
#1864=AXIS2_PLACEMENT_3D('',#2744,#2215,#2216);
#1865=AXIS2_PLACEMENT_3D('',#2746,#2218,#2219);
#1866=AXIS2_PLACEMENT_3D('',#2749,#2220,#2221);
#1867=AXIS2_PLACEMENT_3D('',#2753,#2223,#2224);
#1868=AXIS2_PLACEMENT_3D('',#2757,#2226,#2227);
#1869=AXIS2_PLACEMENT_3D('',#2761,#2229,#2230);
#1870=AXIS2_PLACEMENT_3D('',#2764,#2232,#2233);
#1871=AXIS2_PLACEMENT_3D('',#2765,#2234,#2235);
#1872=AXIS2_PLACEMENT_3D('',#2767,#2236,#2237);
#1873=AXIS2_PLACEMENT_3D('',#2768,#2238,#2239);
#1874=AXIS2_PLACEMENT_3D('',#2770,#2240,#2241);
#1875=AXIS2_PLACEMENT_3D('',#2771,#2242,#2243);
#1876=AXIS2_PLACEMENT_3D('',#2773,#2244,#2245);
#1877=AXIS2_PLACEMENT_3D('',#2774,#2246,#2247);
#1878=AXIS2_PLACEMENT_3D('',#2776,#2248,#2249);
#1879=AXIS2_PLACEMENT_3D('',#2777,#2250,#2251);
#1880=AXIS2_PLACEMENT_3D('',#2780,#2252,#2253);
#1881=AXIS2_PLACEMENT_3D('',#2784,#2255,#2256);
#1882=AXIS2_PLACEMENT_3D('',#2788,#2258,#2259);
#1883=AXIS2_PLACEMENT_3D('',#2792,#2261,#2262);
#1884=AXIS2_PLACEMENT_3D('',#2794,#2264,#2265);
#1885=AXIS2_PLACEMENT_3D('',#2796,#2266,#2267);
#1886=AXIS2_PLACEMENT_3D('',#2797,#2268,#2269);
#1887=AXIS2_PLACEMENT_3D('',#2799,#2271,#2272);
#1888=AXIS2_PLACEMENT_3D('',#2801,#2274,#2275);
#1889=AXIS2_PLACEMENT_3D('',#2803,#2277,#2278);
#1890=AXIS2_PLACEMENT_3D('',#2805,#2280,#2281);
#1891=AXIS2_PLACEMENT_3D('',#2808,#2284,#2285);
#1892=AXIS2_PLACEMENT_3D('',#2810,#2287,#2288);
#1893=AXIS2_PLACEMENT_3D('',#2812,#2290,#2291);
#1894=AXIS2_PLACEMENT_3D('',#2814,#2293,#2294);
#1895=AXIS2_PLACEMENT_3D('',#2816,#2296,#2297);
#1896=AXIS2_PLACEMENT_3D('',#2818,#2299,#2300);
#1897=AXIS2_PLACEMENT_3D('',#2820,#2302,#2303);
#1898=AXIS2_PLACEMENT_3D('',#2821,#2304,#2305);
#1899=AXIS2_PLACEMENT_3D('',#2823,#2307,#2308);
#1900=AXIS2_PLACEMENT_3D('',#2827,#2310,#2311);
#1901=AXIS2_PLACEMENT_3D('',#2829,#2313,#2314);
#1902=AXIS2_PLACEMENT_3D('',#2838,#2319,#2320);
#1903=AXIS2_PLACEMENT_3D('',#2842,#2323,#2324);
#1904=AXIS2_PLACEMENT_3D('',#2846,#2327,#2328);
#1905=AXIS2_PLACEMENT_3D('',#2849,#2329,#2330);
#1906=AXIS2_PLACEMENT_3D('',#2853,#2333,#2334);
#1907=AXIS2_PLACEMENT_3D('',#2854,#2335,#2336);
#1908=AXIS2_PLACEMENT_3D('',#2860,#2340,#2341);
#1909=AXIS2_PLACEMENT_3D('',#2864,#2344,#2345);
#1910=AXIS2_PLACEMENT_3D('',#2868,#2348,#2349);
#1911=AXIS2_PLACEMENT_3D('',#2879,#2355,#2356);
#1912=AXIS2_PLACEMENT_3D('',#2883,#2358,#2359);
#1913=AXIS2_PLACEMENT_3D('',#2887,#2361,#2362);
#1914=AXIS2_PLACEMENT_3D('',#2891,#2364,#2365);
#1915=AXIS2_PLACEMENT_3D('',#2893,#2367,#2368);
#1916=AXIS2_PLACEMENT_3D('',#2895,#2369,#2370);
#1917=AXIS2_PLACEMENT_3D('',#2896,#2371,#2372);
#1918=AXIS2_PLACEMENT_3D('',#2897,#2373,#2374);
#1919=AXIS2_PLACEMENT_3D('',#2899,#2375,#2376);
#1920=AXIS2_PLACEMENT_3D('',#2903,#2379,#2380);
#1921=AXIS2_PLACEMENT_3D('',#2907,#2383,#2384);
#1922=AXIS2_PLACEMENT_3D('',#2909,#2385,#2386);
#1923=AXIS2_PLACEMENT_3D('',#2911,#2388,#2389);
#1924=AXIS2_PLACEMENT_3D('',#2915,#2392,#2393);
#1925=AXIS2_PLACEMENT_3D('',#2917,#2394,#2395);
#1926=AXIS2_PLACEMENT_3D('',#2918,#2396,#2397);
#1927=AXIS2_PLACEMENT_3D('',#2919,#2398,#2399);
#1928=AXIS2_PLACEMENT_3D('',#2921,#2401,#2402);
#1929=AXIS2_PLACEMENT_3D('',#2924,#2403,#2404);
#1930=AXIS2_PLACEMENT_3D('',#2927,#2407,#2408);
#1931=AXIS2_PLACEMENT_3D('',#2931,#2411,#2412);
#1932=AXIS2_PLACEMENT_3D('',#2933,#2413,#2414);
#1933=AXIS2_PLACEMENT_3D('',#2935,#2416,#2417);
#1934=AXIS2_PLACEMENT_3D('',#2939,#2420,#2421);
#1935=AXIS2_PLACEMENT_3D('',#2941,#2422,#2423);
#1936=AXIS2_PLACEMENT_3D('',#2943,#2425,#2426);
#1937=AXIS2_PLACEMENT_3D('',#2947,#2429,#2430);
#1938=AXIS2_PLACEMENT_3D('',#2949,#2431,#2432);
#1939=AXIS2_PLACEMENT_3D('',#2951,#2434,#2435);
#1940=AXIS2_PLACEMENT_3D('',#2953,#2437,#2438);
#1941=AXIS2_PLACEMENT_3D('',#2956,#2439,#2440);
#1942=AXIS2_PLACEMENT_3D('',#2961,#2443,#2444);
#1943=AXIS2_PLACEMENT_3D('',#2963,#2446,#2447);
#1944=AXIS2_PLACEMENT_3D('',#2965,#2448,#2449);
#1945=AXIS2_PLACEMENT_3D('',#2969,#2451,#2452);
#1946=AXIS2_PLACEMENT_3D('',#2973,#2454,#2455);
#1947=AXIS2_PLACEMENT_3D('',#2976,#2457,#2458);
#1948=AXIS2_PLACEMENT_3D('',#2977,#2459,#2460);
#1949=AXIS2_PLACEMENT_3D('',#2980,#2463,#2464);
#1950=AXIS2_PLACEMENT_3D('',#2982,#2466,#2467);
#1951=AXIS2_PLACEMENT_3D('',#2984,#2469,#2470);
#1952=AXIS2_PLACEMENT_3D('',#2986,#2472,#2473);
#1953=AXIS2_PLACEMENT_3D('',#2988,#2475,#2476);
#1954=AXIS2_PLACEMENT_3D('',#2990,#2478,#2479);
#1955=AXIS2_PLACEMENT_3D('',#2992,#2481,#2482);
#1956=AXIS2_PLACEMENT_3D('',#2993,#2483,#2484);
#1957=DIRECTION('axis',(0.,0.,1.));
#1958=DIRECTION('refdir',(1.,0.,0.));
#1959=DIRECTION('center_axis',(4.44089209850063E-16,1.,1.97215226305253E-31));
#1960=DIRECTION('ref_axis',(-1.,4.44089209850063E-16,-1.94289029309403E-16));
#1961=DIRECTION('center_axis',(-6.16297582203915E-33,-1.,0.));
#1962=DIRECTION('ref_axis',(1.,0.,1.94289029309403E-16));
#1963=DIRECTION('center_axis',(-4.44089209850063E-16,-1.,-1.97215226305253E-31));
#1964=DIRECTION('ref_axis',(-1.,4.44089209850063E-16,-1.94289029309403E-16));
#1965=DIRECTION('center_axis',(4.99600361081321E-16,1.,-1.49186218934005E-16));
#1966=DIRECTION('ref_axis',(-1.,4.99600361081321E-16,-1.94289029309403E-16));
#1967=DIRECTION('center_axis',(-4.44089209850063E-16,-1.,-1.97215226305253E-31));
#1968=DIRECTION('ref_axis',(-1.,4.44089209850063E-16,-1.94289029309403E-16));
#1969=DIRECTION('',(-4.99600361081321E-16,-1.,1.49186218934005E-16));
#1970=DIRECTION('center_axis',(4.99600361081321E-16,1.,-1.49186218934005E-16));
#1971=DIRECTION('ref_axis',(-1.,4.99600361081321E-16,-1.94289029309403E-16));
#1972=DIRECTION('center_axis',(-4.44089209850063E-16,-1.,-1.97215226305253E-31));
#1973=DIRECTION('ref_axis',(-1.,4.99600361081321E-16,-1.94289029309403E-16));
#1974=DIRECTION('',(-4.99600361081321E-16,-1.,1.49186218934005E-16));
#1975=DIRECTION('center_axis',(-6.16297582203915E-33,-1.,0.));
#1976=DIRECTION('ref_axis',(-1.,4.99600361081321E-16,-1.94289029309403E-16));
#1977=DIRECTION('center_axis',(4.44089209850063E-16,1.,1.97215226305253E-31));
#1978=DIRECTION('ref_axis',(-1.,4.44089209850063E-16,-1.94289029309403E-16));
#1979=DIRECTION('center_axis',(4.44089209850063E-16,1.,1.97215226305253E-31));
#1980=DIRECTION('ref_axis',(-1.,4.44089209850063E-16,-1.94289029309403E-16));
#1981=DIRECTION('center_axis',(-6.16297582203915E-33,-1.,0.));
#1982=DIRECTION('ref_axis',(1.,0.,1.94289029309403E-16));
#1983=DIRECTION('center_axis',(-4.44089209850063E-16,-1.,-1.97215226305253E-31));
#1984=DIRECTION('ref_axis',(-1.,4.44089209850063E-16,-1.94289029309403E-16));
#1985=DIRECTION('center_axis',(-5.55111512312576E-17,1.,-1.49186218934005E-16));
#1986=DIRECTION('ref_axis',(-1.,-5.55111512312576E-17,-1.94289029309403E-16));
#1987=DIRECTION('center_axis',(-4.44089209850063E-16,-1.,-1.97215226305253E-31));
#1988=DIRECTION('ref_axis',(-1.,4.44089209850063E-16,-1.94289029309403E-16));
#1989=DIRECTION('',(5.55111512312576E-17,-1.,1.49186218934005E-16));
#1990=DIRECTION('center_axis',(-5.55111512312576E-17,1.,-1.49186218934005E-16));
#1991=DIRECTION('ref_axis',(-1.,-5.55111512312576E-17,-1.94289029309403E-16));
#1992=DIRECTION('center_axis',(-4.44089209850063E-16,-1.,-1.97215226305253E-31));
#1993=DIRECTION('ref_axis',(-1.,-5.55111512312576E-17,-1.94289029309403E-16));
#1994=DIRECTION('',(5.55111512312576E-17,-1.,1.49186218934005E-16));
#1995=DIRECTION('center_axis',(-6.16297582203915E-33,-1.,0.));
#1996=DIRECTION('ref_axis',(-1.,-5.55111512312576E-17,-1.94289029309403E-16));
#1997=DIRECTION('center_axis',(4.44089209850063E-16,1.,1.97215226305253E-31));
#1998=DIRECTION('ref_axis',(-1.,4.44089209850063E-16,-1.94289029309403E-16));
#1999=DIRECTION('center_axis',(0.,0.,1.));
#2000=DIRECTION('ref_axis',(-1.,6.16297582203915E-33,0.));
#2001=DIRECTION('center_axis',(0.,0.,1.));
#2002=DIRECTION('ref_axis',(-1.,6.16297582203915E-33,0.));
#2003=DIRECTION('center_axis',(0.,0.,-1.));
#2004=DIRECTION('ref_axis',(-1.,6.16297582203915E-33,0.));
#2005=DIRECTION('center_axis',(0.,1.,0.));
#2006=DIRECTION('ref_axis',(1.,0.,1.94289029309403E-16));
#2007=DIRECTION('center_axis',(-6.16297582203915E-33,-1.,0.));
#2008=DIRECTION('ref_axis',(1.,0.,1.94289029309403E-16));
#2009=DIRECTION('',(0.,1.,0.));
#2010=DIRECTION('center_axis',(0.,1.,0.));
#2011=DIRECTION('ref_axis',(1.,0.,1.94289029309403E-16));
#2012=DIRECTION('center_axis',(-6.16297582203915E-33,-1.,0.));
#2013=DIRECTION('ref_axis',(1.,0.,1.94289029309403E-16));
#2014=DIRECTION('',(0.,1.,0.));
#2015=DIRECTION('center_axis',(1.94289029309403E-16,0.,-1.));
#2016=DIRECTION('ref_axis',(-1.,4.44089209850063E-16,-1.94289029309403E-16));
#2017=DIRECTION('',(1.,-6.16297582203915E-33,1.94289029309403E-16));
#2018=DIRECTION('',(0.,1.,0.));
#2019=DIRECTION('',(1.,-6.16297582203915E-33,1.94289029309403E-16));
#2020=DIRECTION('',(0.,1.,0.));
#2021=DIRECTION('center_axis',(1.,0.,1.94289029309403E-16));
#2022=DIRECTION('ref_axis',(1.94289029309403E-16,9.86076131526265E-32,-1.));
#2023=DIRECTION('',(-1.94289029309403E-16,1.19739859012131E-48,1.));
#2024=DIRECTION('',(0.,1.,0.));
#2025=DIRECTION('',(-1.94289029309403E-16,1.19739859012131E-48,1.));
#2026=DIRECTION('center_axis',(-1.94289029309403E-16,0.,1.));
#2027=DIRECTION('ref_axis',(1.,-4.44089209850063E-16,1.94289029309403E-16));
#2028=DIRECTION('',(-1.,6.16297582203915E-33,-1.94289029309403E-16));
#2029=DIRECTION('',(0.,1.,0.));
#2030=DIRECTION('',(-1.,6.16297582203915E-33,-1.94289029309403E-16));
#2031=DIRECTION('center_axis',(-1.,0.,-1.94289029309403E-16));
#2032=DIRECTION('ref_axis',(-1.94289029309403E-16,-9.86076131526265E-32,
1.));
#2033=DIRECTION('',(1.94289029309403E-16,-1.19739859012131E-48,-1.));
#2034=DIRECTION('',(1.94289029309403E-16,-1.19739859012131E-48,-1.));
#2035=DIRECTION('center_axis',(0.,0.,1.));
#2036=DIRECTION('ref_axis',(-1.,6.16297582203915E-33,0.));
#2037=DIRECTION('',(2.61784058482939E-14,-1.,0.));
#2038=DIRECTION('center_axis',(0.,0.,-1.));
#2039=DIRECTION('ref_axis',(-2.21489493412717E-14,-1.,0.));
#2040=DIRECTION('center_axis',(0.,0.,-1.));
#2041=DIRECTION('ref_axis',(-9.81313795654793E-15,-1.,0.));
#2042=DIRECTION('',(-1.,6.16297582203915E-33,0.));
#2043=DIRECTION('center_axis',(0.,0.,-1.));
#2044=DIRECTION('ref_axis',(0.707106781186548,-0.707106781186547,0.));
#2045=DIRECTION('',(-6.16297582203915E-33,-1.,0.));
#2046=DIRECTION('center_axis',(0.,0.,1.));
#2047=DIRECTION('ref_axis',(-1.,-5.55111512312576E-17,-1.94289029309403E-16));
#2048=DIRECTION('',(-6.16297582203915E-33,-1.,0.));
#2049=DIRECTION('center_axis',(0.,0.,-1.));
#2050=DIRECTION('ref_axis',(0.707106781186548,0.707106781186548,0.));
#2051=DIRECTION('',(1.,-6.16297582203915E-33,0.));
#2052=DIRECTION('center_axis',(0.,0.,-1.));
#2053=DIRECTION('ref_axis',(-0.707106781186546,0.707106781186549,0.));
#2054=DIRECTION('',(6.16297582203915E-33,1.,0.));
#2055=DIRECTION('',(-1.,6.16297582203915E-33,0.));
#2056=DIRECTION('center_axis',(0.,0.,1.));
#2057=DIRECTION('ref_axis',(-0.484482290756106,0.874801068782907,0.));
#2058=DIRECTION('',(0.0132153629304113,0.999912673278331,0.));
#2059=DIRECTION('',(-1.,6.16297582203915E-33,0.));
#2060=DIRECTION('center_axis',(0.,0.,-1.));
#2061=DIRECTION('ref_axis',(-1.,4.87881340265836E-15,0.));
#2062=DIRECTION('',(-2.59244643874525E-16,1.,0.));
#2063=DIRECTION('center_axis',(0.,0.,-1.));
#2064=DIRECTION('ref_axis',(-4.98983570512085E-15,1.,0.));
#2065=DIRECTION('',(1.,-2.1774450328688E-16,0.));
#2066=DIRECTION('center_axis',(0.,0.,-1.));
#2067=DIRECTION('ref_axis',(1.,-4.87881340265833E-15,0.));
#2068=DIRECTION('center_axis',(0.,0.,-1.));
#2069=DIRECTION('ref_axis',(1.,2.83106871279409E-15,0.));
#2070=DIRECTION('center_axis',(0.,0.,-1.));
#2071=DIRECTION('ref_axis',(-1.,0.,0.));
#2072=DIRECTION('',(-0.999999852314719,-0.000543480026737877,0.));
#2073=DIRECTION('center_axis',(0.,0.,1.));
#2074=DIRECTION('ref_axis',(-1.,6.16297582203915E-33,0.));
#2075=DIRECTION('',(-1.,6.16297582203915E-33,0.));
#2076=DIRECTION('center_axis',(0.,0.,1.));
#2077=DIRECTION('ref_axis',(1.85037170770859E-15,1.,0.));
#2078=DIRECTION('',(1.,-6.16297582203915E-33,0.));
#2079=DIRECTION('center_axis',(0.,0.,-1.));
#2080=DIRECTION('ref_axis',(2.77555756156288E-15,1.,0.));
#2081=DIRECTION('',(1.,-6.16297582203915E-33,0.));
#2082=DIRECTION('center_axis',(0.,0.,-1.));
#2083=DIRECTION('ref_axis',(-1.,6.16297582203915E-33,0.));
#2084=DIRECTION('center_axis',(0.,0.,-1.));
#2085=DIRECTION('ref_axis',(-1.,0.,0.));
#2086=DIRECTION('center_axis',(0.,0.,-1.));
#2087=DIRECTION('ref_axis',(-1.,0.,0.));
#2088=DIRECTION('center_axis',(0.,0.,-1.));
#2089=DIRECTION('ref_axis',(-1.,0.,0.));
#2090=DIRECTION('center_axis',(0.,0.,-1.));
#2091=DIRECTION('ref_axis',(-1.,0.,0.));
#2092=DIRECTION('center_axis',(-1.,-2.59244643874525E-16,0.));
#2093=DIRECTION('ref_axis',(-2.59244643874525E-16,1.,-1.26590442141327E-16));
#2094=DIRECTION('',(0.,0.,-1.));
#2095=DIRECTION('',(-2.59244643874525E-16,1.,-1.26590442141327E-16));
#2096=DIRECTION('',(0.,0.,-1.));
#2097=DIRECTION('center_axis',(0.,0.,-1.));
#2098=DIRECTION('ref_axis',(-1.,4.87881340265836E-15,0.));
#2099=DIRECTION('',(0.,0.,-1.));
#2100=DIRECTION('center_axis',(9.92126287692111E-17,-1.26590442141327E-16,
-1.));
#2101=DIRECTION('ref_axis',(-1.,4.87881340265836E-15,-9.92126287692118E-17));
#2102=DIRECTION('center_axis',(0.,0.,-1.));
#2103=DIRECTION('ref_axis',(-9.81313795654793E-15,-1.,0.));
#2104=DIRECTION('',(0.,0.,1.));
#2105=DIRECTION('center_axis',(9.92126287692111E-17,-1.26590442141327E-16,
-1.));
#2106=DIRECTION('ref_axis',(-9.81313795654793E-15,-1.,1.26590442141326E-16));
#2107=DIRECTION('',(0.,0.,-1.));
#2108=DIRECTION('center_axis',(0.,0.,-1.));
#2109=DIRECTION('ref_axis',(1.,-4.87881340265833E-15,0.));
#2110=DIRECTION('',(0.,0.,-1.));
#2111=DIRECTION('center_axis',(9.92126287692111E-17,-1.26590442141327E-16,
-1.));
#2112=DIRECTION('ref_axis',(1.,-4.87881340265833E-15,9.92126287692117E-17));
#2113=DIRECTION('',(0.,0.,-1.));
#2114=DIRECTION('center_axis',(2.1774450328688E-16,1.,0.));
#2115=DIRECTION('ref_axis',(1.,-2.1774450328688E-16,9.92126287692112E-17));
#2116=DIRECTION('',(0.,0.,-1.));
#2117=DIRECTION('',(1.,-2.1774450328688E-16,9.92126287692112E-17));
#2118=DIRECTION('center_axis',(0.,0.,-1.));
#2119=DIRECTION('ref_axis',(-4.98983570512085E-15,1.,0.));
#2120=DIRECTION('center_axis',(9.92126287692111E-17,-1.26590442141327E-16,
-1.));
#2121=DIRECTION('ref_axis',(-4.98983570512085E-15,1.,-1.26590442141327E-16));
#2122=DIRECTION('center_axis',(0.,0.,-1.));
#2123=DIRECTION('ref_axis',(-2.21489493412717E-14,-1.,0.));
#2124=DIRECTION('',(0.,0.,-1.));
#2125=DIRECTION('center_axis',(9.92126287692107E-17,-1.26590442141327E-16,
-1.));
#2126=DIRECTION('ref_axis',(-2.21489493412717E-14,-1.,1.26590442141325E-16));
#2127=DIRECTION('center_axis',(1.,5.55111512312578E-17,0.));
#2128=DIRECTION('ref_axis',(5.55111512312578E-17,-1.,1.49186218934005E-16));
#2129=DIRECTION('',(0.,0.,-1.));
#2130=DIRECTION('',(2.61784058482939E-14,-1.,9.02377007583148E-17));
#2131=DIRECTION('center_axis',(0.,0.,-1.));
#2132=DIRECTION('ref_axis',(1.,2.83106871279409E-15,0.));
#2133=DIRECTION('center_axis',(9.92126287692111E-17,-1.26590442141327E-16,
-1.));
#2134=DIRECTION('ref_axis',(1.,2.83106871279409E-15,9.92126287692107E-17));
#2135=DIRECTION('center_axis',(-9.92126287692107E-17,1.26590442141327E-16,
1.));
#2136=DIRECTION('ref_axis',(-1.,-5.55111512312578E-17,-9.92126287692107E-17));
#2137=DIRECTION('',(-1.,-5.55111512312576E-17,-9.92126287692111E-17));
#2138=DIRECTION('center_axis',(1.,-6.16297582203915E-33,0.));
#2139=DIRECTION('ref_axis',(0.,0.707106781186546,-0.707106781186549));
#2140=DIRECTION('center_axis',(1.,-6.16297582203915E-33,0.));
#2141=DIRECTION('ref_axis',(0.,0.707106781186546,-0.707106781186549));
#2142=DIRECTION('',(1.,-6.16297582203915E-33,0.));
#2143=DIRECTION('center_axis',(1.,-6.16297582203915E-33,0.));
#2144=DIRECTION('ref_axis',(0.,0.707106781186546,-0.707106781186549));
#2145=DIRECTION('',(-1.,6.16297582203915E-33,0.));
#2146=DIRECTION('center_axis',(0.,0.,1.));
#2147=DIRECTION('ref_axis',(-6.16297582203915E-33,-1.,0.));
#2148=DIRECTION('',(-6.16297582203915E-33,-1.,0.));
#2149=DIRECTION('',(-1.,6.16297582203915E-33,0.));
#2150=DIRECTION('',(6.16297582203915E-33,1.,0.));
#2151=DIRECTION('center_axis',(1.,-6.16297582203915E-33,0.));
#2152=DIRECTION('ref_axis',(0.,0.707106781186548,0.707106781186548));
#2153=DIRECTION('center_axis',(1.,-6.16297582203915E-33,0.));
#2154=DIRECTION('ref_axis',(0.,0.707106781186548,0.707106781186548));
#2155=DIRECTION('',(1.,-6.16297582203915E-33,0.));
#2156=DIRECTION('center_axis',(1.,-6.16297582203915E-33,0.));
#2157=DIRECTION('ref_axis',(0.,0.707106781186548,0.707106781186548));
#2158=DIRECTION('',(-1.,6.16297582203915E-33,0.));
#2159=DIRECTION('center_axis',(-6.16297582203915E-33,-1.,0.));
#2160=DIRECTION('ref_axis',(0.,0.,-1.));
#2161=DIRECTION('',(0.,0.,1.));
#2162=DIRECTION('',(0.,0.,-1.));
#2163=DIRECTION('center_axis',(1.,-6.16297582203915E-33,0.));
#2164=DIRECTION('ref_axis',(0.,-0.707106781186549,0.707106781186546));
#2165=DIRECTION('center_axis',(1.,-6.16297582203915E-33,0.));
#2166=DIRECTION('ref_axis',(0.,-0.707106781186549,0.707106781186546));
#2167=DIRECTION('',(1.,-6.16297582203915E-33,0.));
#2168=DIRECTION('center_axis',(1.,-6.16297582203915E-33,0.));
#2169=DIRECTION('ref_axis',(0.,-0.707106781186549,0.707106781186546));
#2170=DIRECTION('',(-1.,6.16297582203915E-33,0.));
#2171=DIRECTION('center_axis',(0.,0.,-1.));
#2172=DIRECTION('ref_axis',(6.16297582203915E-33,1.,0.));
#2173=DIRECTION('',(-6.16297582203915E-33,-1.,0.));
#2174=DIRECTION('',(6.16297582203915E-33,1.,0.));
#2175=DIRECTION('center_axis',(1.,-6.16297582203915E-33,0.));
#2176=DIRECTION('ref_axis',(0.,-0.707106781186548,-0.707106781186548));
#2177=DIRECTION('center_axis',(1.,-6.16297582203915E-33,0.));
#2178=DIRECTION('ref_axis',(0.,-0.707106781186548,-0.707106781186548));
#2179=DIRECTION('',(1.,-6.16297582203915E-33,0.));
#2180=DIRECTION('center_axis',(1.,-6.16297582203915E-33,0.));
#2181=DIRECTION('ref_axis',(0.,-0.707106781186548,-0.707106781186548));
#2182=DIRECTION('center_axis',(6.16297582203915E-33,1.,0.));
#2183=DIRECTION('ref_axis',(0.,0.,1.));
#2184=DIRECTION('',(0.,0.,-1.));
#2185=DIRECTION('',(0.,0.,1.));
#2186=DIRECTION('center_axis',(-1.94289029309403E-16,1.49186218934005E-16,
1.));
#2187=DIRECTION('ref_axis',(-1.,-5.55111512312576E-17,-1.94289029309403E-16));
#2188=DIRECTION('',(-1.94289029309403E-16,1.49186218934005E-16,1.));
#2189=DIRECTION('',(1.94289029309403E-16,-1.49186218934005E-16,-1.));
#2190=DIRECTION('center_axis',(9.92126287692111E-17,-1.26590442141327E-16,
-1.));
#2191=DIRECTION('ref_axis',(-1.,-5.55111512312576E-17,-1.94289029309403E-16));
#2192=DIRECTION('center_axis',(-9.92126287692111E-17,1.26590442141327E-16,
1.));
#2193=DIRECTION('ref_axis',(-1.,-5.55111512312576E-17,-9.92126287692111E-17));
#2194=DIRECTION('center_axis',(0.,0.,-1.));
#2195=DIRECTION('ref_axis',(1.,5.55111512312576E-17,0.));
#2196=DIRECTION('center_axis',(9.92126287692111E-17,-1.26590442141327E-16,
-1.));
#2197=DIRECTION('ref_axis',(-1.,-5.55111512312576E-17,-9.92126287692111E-17));
#2198=DIRECTION('center_axis',(-9.92126287692111E-17,1.26590442141327E-16,
1.));
#2199=DIRECTION('ref_axis',(-1.,-5.55111512312576E-17,-9.92126287692111E-17));
#2200=DIRECTION('',(-6.16297582203915E-33,-1.,1.26590442141327E-16));
#2201=DIRECTION('center_axis',(9.92126287692111E-17,-1.26590442141327E-16,
-1.));
#2202=DIRECTION('ref_axis',(-1.,-5.55111512312576E-17,-9.92126287692111E-17));
#2203=DIRECTION('center_axis',(-1.94289029309403E-16,1.49186218934005E-16,
1.));
#2204=DIRECTION('ref_axis',(-1.,-5.55111512312576E-17,-1.94289029309403E-16));
#2205=DIRECTION('',(1.94289029309403E-16,-1.49186218934005E-16,-1.));
#2206=DIRECTION('center_axis',(1.,-6.16297582203915E-33,0.));
#2207=DIRECTION('ref_axis',(6.16297582203915E-33,1.,0.));
#2208=DIRECTION('',(0.,0.,1.));
#2209=DIRECTION('',(0.,0.,1.));
#2210=DIRECTION('',(-6.06934637117095E-33,-0.984807753012208,0.17364817766693));
#2211=DIRECTION('',(0.,0.,-1.));
#2212=DIRECTION('',(0.,0.,-1.));
#2213=DIRECTION('center_axis',(0.,0.,1.));
#2214=DIRECTION('ref_axis',(1.,5.55111512312576E-17,0.));
#2215=DIRECTION('center_axis',(0.,0.,1.));
#2216=DIRECTION('ref_axis',(1.,5.55111512312576E-17,0.));
#2217=DIRECTION('',(0.,0.,1.));
#2218=DIRECTION('center_axis',(0.,0.,1.));
#2219=DIRECTION('ref_axis',(1.,-6.16297582203915E-33,0.));
#2220=DIRECTION('center_axis',(0.,0.,1.));
#2221=DIRECTION('ref_axis',(0.707106781186548,0.707106781186548,0.));
#2222=DIRECTION('',(6.16297582203915E-33,1.,0.));
#2223=DIRECTION('center_axis',(0.,0.,1.));
#2224=DIRECTION('ref_axis',(0.707106781186548,-0.707106781186548,0.));
#2225=DIRECTION('',(1.,-6.16297582203915E-33,0.));
#2226=DIRECTION('center_axis',(0.,0.,1.));
#2227=DIRECTION('ref_axis',(-0.707106781186548,-0.707106781186548,0.));
#2228=DIRECTION('',(-6.16297582203915E-33,-1.,0.));
#2229=DIRECTION('center_axis',(0.,0.,1.));
#2230=DIRECTION('ref_axis',(-0.707106781186548,0.707106781186548,0.));
#2231=DIRECTION('',(1.,-6.16297582203915E-33,0.));
#2232=DIRECTION('center_axis',(0.,0.,1.));
#2233=DIRECTION('ref_axis',(-1.,6.16297582203915E-33,0.));
#2234=DIRECTION('center_axis',(1.07018952050245E-33,0.17364817766693,0.984807753012208));
#2235=DIRECTION('ref_axis',(-6.06934637117095E-33,-0.984807753012208,0.17364817766693));
#2236=DIRECTION('center_axis',(-1.07018952050245E-33,-0.17364817766693,
-0.984807753012208));
#2237=DIRECTION('ref_axis',(0.,-0.984807753012208,0.17364817766693));
#2238=DIRECTION('center_axis',(1.07018952050245E-33,0.17364817766693,0.984807753012208));
#2239=DIRECTION('ref_axis',(-6.06934637117095E-33,-0.984807753012208,0.17364817766693));
#2240=DIRECTION('center_axis',(-1.07018952050245E-33,-0.17364817766693,
-0.984807753012208));
#2241=DIRECTION('ref_axis',(0.,-0.984807753012208,0.17364817766693));
#2242=DIRECTION('center_axis',(1.07018952050245E-33,0.17364817766693,0.984807753012208));
#2243=DIRECTION('ref_axis',(-6.06934637117095E-33,-0.984807753012208,0.17364817766693));
#2244=DIRECTION('center_axis',(-1.07018952050245E-33,-0.17364817766693,
-0.984807753012208));
#2245=DIRECTION('ref_axis',(0.,-0.984807753012208,0.17364817766693));
#2246=DIRECTION('center_axis',(1.07018952050245E-33,0.17364817766693,0.984807753012208));
#2247=DIRECTION('ref_axis',(-6.06934637117095E-33,-0.984807753012208,0.17364817766693));
#2248=DIRECTION('center_axis',(-1.07018952050245E-33,-0.17364817766693,
-0.984807753012208));
#2249=DIRECTION('ref_axis',(0.,-0.984807753012208,0.17364817766693));
#2250=DIRECTION('center_axis',(0.,0.,-1.));
#2251=DIRECTION('ref_axis',(-1.,6.16297582203915E-33,0.));
#2252=DIRECTION('center_axis',(0.,0.,-1.));
#2253=DIRECTION('ref_axis',(-1.,6.16297582203915E-33,0.));
#2254=DIRECTION('',(0.999999852314719,0.000543480026737877,0.));
#2255=DIRECTION('center_axis',(0.,0.,-1.));
#2256=DIRECTION('ref_axis',(-1.,6.16297582203915E-33,0.));
#2257=DIRECTION('',(1.,-6.16297582203915E-33,0.));
#2258=DIRECTION('center_axis',(0.,0.,-1.));
#2259=DIRECTION('ref_axis',(2.77555756156288E-15,1.,0.));
#2260=DIRECTION('',(1.,-6.16297582203915E-33,0.));
#2261=DIRECTION('center_axis',(0.,0.,-1.));
#2262=DIRECTION('ref_axis',(1.85037170770859E-15,1.,0.));
#2263=DIRECTION('',(1.,-6.16297582203915E-33,0.));
#2264=DIRECTION('center_axis',(1.07018952050245E-33,0.17364817766693,0.984807753012208));
#2265=DIRECTION('ref_axis',(-6.06934637117095E-33,-0.984807753012208,0.17364817766693));
#2266=DIRECTION('center_axis',(-1.07018952050245E-33,-0.17364817766693,
-0.984807753012208));
#2267=DIRECTION('ref_axis',(0.,-0.984807753012208,0.17364817766693));
#2268=DIRECTION('center_axis',(0.,0.,1.));
#2269=DIRECTION('ref_axis',(-1.,0.,0.));
#2270=DIRECTION('',(0.,0.,-1.));
#2271=DIRECTION('center_axis',(0.,0.,1.));
#2272=DIRECTION('ref_axis',(-1.,0.,0.));
#2273=DIRECTION('',(0.,0.,-1.));
#2274=DIRECTION('center_axis',(0.,0.,1.));
#2275=DIRECTION('ref_axis',(-1.,0.,0.));
#2276=DIRECTION('',(0.,0.,-1.));
#2277=DIRECTION('center_axis',(0.,0.,1.));
#2278=DIRECTION('ref_axis',(-1.,0.,0.));
#2279=DIRECTION('',(0.,0.,-1.));
#2280=DIRECTION('center_axis',(0.,0.,-1.));
#2281=DIRECTION('ref_axis',(-1.,6.16297582203915E-33,0.));
#2282=DIRECTION('',(0.,0.,1.));
#2283=DIRECTION('',(0.,0.,-1.));
#2284=DIRECTION('center_axis',(6.16297582203915E-33,1.,0.));
#2285=DIRECTION('ref_axis',(-1.,6.16297582203915E-33,0.));
#2286=DIRECTION('',(0.,0.,1.));
#2287=DIRECTION('center_axis',(0.,0.,-1.));
#2288=DIRECTION('ref_axis',(2.77555756156288E-15,1.,0.));
#2289=DIRECTION('',(0.,0.,1.));
#2290=DIRECTION('center_axis',(6.16297582203915E-33,1.,0.));
#2291=DIRECTION('ref_axis',(-1.,6.16297582203915E-33,0.));
#2292=DIRECTION('',(0.,0.,-1.));
#2293=DIRECTION('center_axis',(0.,0.,-1.));
#2294=DIRECTION('ref_axis',(1.85037170770859E-15,1.,0.));
#2295=DIRECTION('',(0.,0.,1.));
#2296=DIRECTION('center_axis',(-6.16297582203915E-33,-1.,0.));
#2297=DIRECTION('ref_axis',(1.,-6.16297582203915E-33,0.));
#2298=DIRECTION('',(0.,0.,1.));
#2299=DIRECTION('center_axis',(0.,0.,-1.));
#2300=DIRECTION('ref_axis',(-1.,6.16297582203915E-33,0.));
#2301=DIRECTION('',(0.,0.,1.));
#2302=DIRECTION('center_axis',(-0.000543480026737877,0.999999852314719,
0.));
#2303=DIRECTION('ref_axis',(-0.999999852314719,-0.000543480026737877,0.));
#2304=DIRECTION('center_axis',(0.,0.,1.));
#2305=DIRECTION('ref_axis',(-1.,0.,0.));
#2306=DIRECTION('',(0.,0.,-1.));
#2307=DIRECTION('center_axis',(0.,0.,-1.));
#2308=DIRECTION('ref_axis',(-0.484482290756106,0.874801068782907,0.));
#2309=DIRECTION('',(0.,0.,1.));
#2310=DIRECTION('center_axis',(0.,0.,1.));
#2311=DIRECTION('ref_axis',(-0.484482290756106,0.874801068782907,0.));
#2312=DIRECTION('',(0.,0.,1.));
#2313=DIRECTION('center_axis',(0.,0.,1.));
#2314=DIRECTION('ref_axis',(1.,0.,0.));
#2315=DIRECTION('',(-1.,6.16297582203915E-33,0.));
#2316=DIRECTION('',(0.,1.,0.));
#2317=DIRECTION('',(1.,0.,0.));
#2318=DIRECTION('',(0.,1.,0.));
#2319=DIRECTION('center_axis',(-0.999912673278331,0.0132153629304113,0.));
#2320=DIRECTION('ref_axis',(-0.0132153629304113,-0.999912673278331,0.));
#2321=DIRECTION('',(0.0132153629304113,0.999912673278331,0.));
#2322=DIRECTION('',(0.,0.,1.));
#2323=DIRECTION('center_axis',(-6.16297582203915E-33,-1.,0.));
#2324=DIRECTION('ref_axis',(1.,-6.16297582203915E-33,0.));
#2325=DIRECTION('',(0.,0.,-1.));
#2326=DIRECTION('',(-1.,6.16297582203915E-33,0.));
#2327=DIRECTION('center_axis',(0.,0.,-1.));
#2328=DIRECTION('ref_axis',(1.,-6.16297582203915E-33,0.));
#2329=DIRECTION('center_axis',(0.,0.,-1.));
#2330=DIRECTION('ref_axis',(-0.707106781186549,-0.707106781186546,0.));
#2331=DIRECTION('',(-1.,6.16297582203915E-33,0.));
#2332=DIRECTION('',(6.16297582203915E-33,1.,0.));
#2333=DIRECTION('center_axis',(0.,0.,-1.));
#2334=DIRECTION('ref_axis',(1.,-6.16297582203915E-33,0.));
#2335=DIRECTION('center_axis',(1.,0.,0.));
#2336=DIRECTION('ref_axis',(0.,-6.16661860476968E-49,-1.));
#2337=DIRECTION('',(0.,0.,1.));
#2338=DIRECTION('',(0.,1.,0.));
#2339=DIRECTION('',(0.,-6.16661860476968E-49,-1.));
#2340=DIRECTION('center_axis',(0.,1.,0.));
#2341=DIRECTION('ref_axis',(0.,0.,1.));
#2342=DIRECTION('',(-1.,1.11015256970252E-49,0.));
#2343=DIRECTION('',(0.,0.,1.));
#2344=DIRECTION('center_axis',(-1.,0.,0.));
#2345=DIRECTION('ref_axis',(0.,0.,1.));
#2346=DIRECTION('',(0.,0.,-1.));
#2347=DIRECTION('',(0.,1.,0.));
#2348=DIRECTION('center_axis',(-6.16297582203915E-33,-1.,0.));
#2349=DIRECTION('ref_axis',(1.,-6.16297582203915E-33,0.));
#2350=DIRECTION('',(0.,0.,1.));
#2351=DIRECTION('',(-1.,6.16297582203915E-33,0.));
#2352=DIRECTION('',(0.,0.,-1.));
#2353=DIRECTION('',(0.,0.,-1.));
#2354=DIRECTION('',(-1.,6.16297582203915E-33,1.9176996211193E-15));
#2355=DIRECTION('center_axis',(-6.16297582203915E-33,-1.,0.));
#2356=DIRECTION('ref_axis',(-1.,8.04911692853238E-16,-1.5817425494391E-15));
#2357=DIRECTION('',(-1.28556898110108E-15,7.92293054808948E-48,-1.));
#2358=DIRECTION('center_axis',(-6.16297582203915E-33,-1.,0.));
#2359=DIRECTION('ref_axis',(-1.,8.04911692853238E-16,-1.5817425494391E-15));
#2360=DIRECTION('',(1.,-6.16297582203915E-33,-1.46163196981846E-15));
#2361=DIRECTION('center_axis',(-6.16297582203915E-33,-1.,0.));
#2362=DIRECTION('ref_axis',(-1.,8.04911692853238E-16,-1.5817425494391E-15));
#2363=DIRECTION('',(1.28556898110111E-15,-7.92293054808966E-48,1.));
#2364=DIRECTION('center_axis',(-6.16297582203915E-33,-1.,0.));
#2365=DIRECTION('ref_axis',(-1.,8.04911692853238E-16,-1.5817425494391E-15));
#2366=DIRECTION('',(-1.,6.16297582203915E-33,1.9176996211193E-15));
#2367=DIRECTION('center_axis',(0.,0.,-1.));
#2368=DIRECTION('ref_axis',(0.707106781186548,-0.707106781186547,0.));
#2369=DIRECTION('center_axis',(0.,0.,-1.));
#2370=DIRECTION('ref_axis',(0.707106781186548,-0.707106781186547,0.));
#2371=DIRECTION('center_axis',(-1.07018952050245E-33,-0.17364817766693,
-0.984807753012208));
#2372=DIRECTION('ref_axis',(6.15012886250728E-16,-0.984807753012208,0.17364817766693));
#2373=DIRECTION('center_axis',(0.,0.,1.));
#2374=DIRECTION('ref_axis',(0.707106781186548,0.707106781186548,0.));
#2375=DIRECTION('center_axis',(-1.07018952050245E-33,-0.17364817766693,
-0.984807753012208));
#2376=DIRECTION('ref_axis',(0.,0.984807753012208,-0.17364817766693));
#2377=DIRECTION('',(0.,0.,1.));
#2378=DIRECTION('',(0.,0.,1.));
#2379=DIRECTION('center_axis',(6.16297582203915E-33,1.,0.));
#2380=DIRECTION('ref_axis',(-1.,6.16297582203915E-33,0.));
#2381=DIRECTION('',(0.,0.,-1.));
#2382=DIRECTION('',(1.,-6.16297582203915E-33,0.));
#2383=DIRECTION('center_axis',(0.,0.,-1.));
#2384=DIRECTION('ref_axis',(-0.707106781186546,0.707106781186549,0.));
#2385=DIRECTION('center_axis',(-1.07018952050245E-33,-0.17364817766693,
-0.984807753012208));
#2386=DIRECTION('ref_axis',(2.25504724958601E-15,0.984807753012208,-0.17364817766693));
#2387=DIRECTION('',(0.,0.,1.));
#2388=DIRECTION('center_axis',(-1.,6.16297582203915E-33,0.));
#2389=DIRECTION('ref_axis',(-6.16297582203915E-33,-1.,0.));
#2390=DIRECTION('',(6.06934637117095E-33,0.984807753012208,-0.17364817766693));
#2391=DIRECTION('',(0.,0.,-1.));
#2392=DIRECTION('center_axis',(0.,0.,1.));
#2393=DIRECTION('ref_axis',(-0.707106781186549,-0.707106781186546,0.));
#2394=DIRECTION('center_axis',(-1.07018952050245E-33,-0.17364817766693,
-0.984807753012208));
#2395=DIRECTION('ref_axis',(-2.25504724958601E-15,-0.984807753012208,0.17364817766693));
#2396=DIRECTION('center_axis',(0.,0.,-1.));
#2397=DIRECTION('ref_axis',(-0.707106781186549,-0.707106781186546,0.));
#2398=DIRECTION('center_axis',(0.,0.,-1.));
#2399=DIRECTION('ref_axis',(-1.,6.16297582203915E-33,0.));
#2400=DIRECTION('',(0.,0.,1.));
#2401=DIRECTION('center_axis',(8.04911692853239E-16,1.,-9.28269806700475E-16));
#2402=DIRECTION('ref_axis',(-1.,8.04911692853238E-16,-1.5817425494391E-15));
#2403=DIRECTION('center_axis',(-6.16297582203915E-33,-1.,0.));
#2404=DIRECTION('ref_axis',(-1.,8.04911692853238E-16,-1.5817425494391E-15));
#2405=DIRECTION('',(-8.04911692853239E-16,-1.,9.28269806700475E-16));
#2406=DIRECTION('',(-8.04911692853239E-16,-1.,9.28269806700475E-16));
#2407=DIRECTION('center_axis',(-1.,8.0491169285324E-16,1.28556898110111E-15));
#2408=DIRECTION('ref_axis',(-1.28556898110111E-15,-9.28269806700474E-16,
-1.));
#2409=DIRECTION('',(1.28556898110111E-15,-7.92293054808966E-48,1.));
#2410=DIRECTION('',(-8.04911692853239E-16,-1.,9.28269806700475E-16));
#2411=DIRECTION('center_axis',(8.04911692853239E-16,1.,-9.28269806700475E-16));
#2412=DIRECTION('ref_axis',(-1.,8.04911692853238E-16,-1.5817425494391E-15));
#2413=DIRECTION('center_axis',(-6.16297582203915E-33,-1.,0.));
#2414=DIRECTION('ref_axis',(-1.,8.04911692853238E-16,-1.5817425494391E-15));
#2415=DIRECTION('',(-8.04911692853239E-16,-1.,9.28269806700475E-16));
#2416=DIRECTION('center_axis',(-1.9176996211193E-15,-9.28269806700473E-16,
-1.));
#2417=DIRECTION('ref_axis',(1.,-8.04911692853241E-16,-1.9176996211193E-15));
#2418=DIRECTION('',(-1.,6.16297582203915E-33,1.9176996211193E-15));
#2419=DIRECTION('',(-8.04911692853239E-16,-1.,9.28269806700475E-16));
#2420=DIRECTION('center_axis',(8.04911692853239E-16,1.,-9.28269806700475E-16));
#2421=DIRECTION('ref_axis',(-1.,8.04911692853238E-16,-1.5817425494391E-15));
#2422=DIRECTION('center_axis',(-6.16297582203915E-33,-1.,0.));
#2423=DIRECTION('ref_axis',(-1.,8.04911692853238E-16,-1.5817425494391E-15));
#2424=DIRECTION('',(-8.04911692853239E-16,-1.,9.28269806700475E-16));
#2425=DIRECTION('center_axis',(1.,-8.0491169285324E-16,-1.28556898110108E-15));
#2426=DIRECTION('ref_axis',(1.28556898110108E-15,9.28269806700474E-16,1.));
#2427=DIRECTION('',(-1.28556898110108E-15,7.92293054808948E-48,-1.));
#2428=DIRECTION('',(-8.04911692853239E-16,-1.,9.28269806700475E-16));
#2429=DIRECTION('center_axis',(8.04911692853239E-16,1.,-9.28269806700475E-16));
#2430=DIRECTION('ref_axis',(-1.,8.04911692853238E-16,-1.5817425494391E-15));
#2431=DIRECTION('center_axis',(-6.16297582203915E-33,-1.,0.));
#2432=DIRECTION('ref_axis',(-1.,8.04911692853238E-16,-1.5817425494391E-15));
#2433=DIRECTION('',(-8.04911692853239E-16,-1.,9.28269806700475E-16));
#2434=DIRECTION('center_axis',(1.46163196981846E-15,9.28269806700473E-16,
1.));
#2435=DIRECTION('ref_axis',(-1.,8.0491169285324E-16,1.46163196981846E-15));
#2436=DIRECTION('',(1.,-6.16297582203915E-33,-1.46163196981846E-15));
#2437=DIRECTION('center_axis',(0.,0.,-1.));
#2438=DIRECTION('ref_axis',(-1.,6.16297582203915E-33,0.));
#2439=DIRECTION('center_axis',(0.,0.,-1.));
#2440=DIRECTION('ref_axis',(0.707106781186548,-0.707106781186548,0.));
#2441=DIRECTION('',(1.,-6.16297582203915E-33,0.));
#2442=DIRECTION('',(1.,-6.16297582203915E-33,0.));
#2443=DIRECTION('center_axis',(0.,0.,-1.));
#2444=DIRECTION('ref_axis',(-0.707106781186548,-0.707106781186548,0.));
#2445=DIRECTION('',(-1.,6.16297582203915E-33,0.));
#2446=DIRECTION('center_axis',(-1.07018952050245E-33,-0.17364817766693,
-0.984807753012208));
#2447=DIRECTION('ref_axis',(-1.,6.16297582203915E-33,0.));
#2448=DIRECTION('center_axis',(-1.07018952050245E-33,-0.17364817766693,
-0.984807753012208));
#2449=DIRECTION('ref_axis',(0.,-0.984807753012208,0.17364817766693));
#2450=DIRECTION('',(-6.06934637117095E-33,-0.984807753012208,0.17364817766693));
#2451=DIRECTION('center_axis',(-1.07018952050245E-33,-0.17364817766693,
-0.984807753012208));
#2452=DIRECTION('ref_axis',(0.,0.984807753012208,-0.17364817766693));
#2453=DIRECTION('',(-1.,6.16297582203915E-33,0.));
#2454=DIRECTION('center_axis',(-1.07018952050245E-33,-0.17364817766693,
-0.984807753012208));
#2455=DIRECTION('ref_axis',(0.,0.984807753012208,-0.17364817766693));
#2456=DIRECTION('',(6.06934637117095E-33,0.984807753012208,-0.17364817766693));
#2457=DIRECTION('center_axis',(-1.07018952050245E-33,-0.17364817766693,
-0.984807753012208));
#2458=DIRECTION('ref_axis',(0.,-0.984807753012208,0.17364817766693));
#2459=DIRECTION('center_axis',(6.16297582203915E-33,1.,0.));
#2460=DIRECTION('ref_axis',(0.,0.,-1.));
#2461=DIRECTION('',(0.,0.,-1.));
#2462=DIRECTION('',(0.,0.,-1.));
#2463=DIRECTION('center_axis',(0.,0.,-1.));
#2464=DIRECTION('ref_axis',(-0.707106781186548,0.707106781186548,0.));
#2465=DIRECTION('',(0.,0.,-1.));
#2466=DIRECTION('center_axis',(1.,-6.16297582203915E-33,0.));
#2467=DIRECTION('ref_axis',(0.,0.,-1.));
#2468=DIRECTION('',(0.,0.,-1.));
#2469=DIRECTION('center_axis',(0.,0.,-1.));
#2470=DIRECTION('ref_axis',(-0.707106781186548,-0.707106781186548,0.));
#2471=DIRECTION('',(0.,0.,-1.));
#2472=DIRECTION('center_axis',(6.16297582203915E-33,1.,0.));
#2473=DIRECTION('ref_axis',(-1.,6.16297582203915E-33,0.));
#2474=DIRECTION('',(0.,0.,-1.));
#2475=DIRECTION('center_axis',(0.,0.,-1.));
#2476=DIRECTION('ref_axis',(0.707106781186548,-0.707106781186548,0.));
#2477=DIRECTION('',(0.,0.,-1.));
#2478=DIRECTION('center_axis',(-1.,6.16297582203915E-33,0.));
#2479=DIRECTION('ref_axis',(0.,0.,1.));
#2480=DIRECTION('',(0.,0.,-1.));
#2481=DIRECTION('center_axis',(0.,0.,1.));
#2482=DIRECTION('ref_axis',(0.707106781186548,0.707106781186548,0.));
#2483=DIRECTION('center_axis',(0.,0.,-1.));
#2484=DIRECTION('ref_axis',(-1.,6.16297582203915E-33,0.));
#2485=DIRECTION('',(0.,0.,1.));
#2486=CARTESIAN_POINT('',(0.,0.,0.));
#2487=CARTESIAN_POINT('Origin',(11.0863501035098,-12.2943059093169,9.71486161326126));
#2488=CARTESIAN_POINT('',(9.73635010350976,-12.2943059093169,9.71486161326126));
#2489=CARTESIAN_POINT('Origin',(11.0863501035098,-12.294305909317,9.71486161326126));
#2490=CARTESIAN_POINT('',(12.0863501035098,-12.2943059093169,9.71486161326126));
#2491=CARTESIAN_POINT('Origin',(11.0863501035098,-12.2943059093169,9.71486161326126));
#2492=CARTESIAN_POINT('Origin',(11.0863501035098,-12.2943059093169,9.71486161326126));
#2493=CARTESIAN_POINT('',(12.0863501035098,-8.29430590931693,9.71486161326126));
#2494=CARTESIAN_POINT('Origin',(11.0863501035098,-8.29430590931693,9.71486161326126));
#2495=CARTESIAN_POINT('',(12.0863501035098,-12.2943059093169,9.71486161326126));
#2496=CARTESIAN_POINT('Origin',(11.0863501035098,-12.2943059093169,9.71486161326126));
#2497=CARTESIAN_POINT('',(13.4363501035098,-8.29430590931693,9.71486161326126));
#2498=CARTESIAN_POINT('Origin',(11.0863501035098,-8.29430590931693,9.71486161326126));
#2499=CARTESIAN_POINT('',(13.4363501035098,-12.2943059093169,9.71486161326126));
#2500=CARTESIAN_POINT('',(13.4363501035098,-12.2943059093169,9.71486161326126));
#2501=CARTESIAN_POINT('Origin',(11.0863501035098,-12.2943059093169,9.71486161326126));
#2502=CARTESIAN_POINT('Origin',(11.0863501035098,-8.29430590931693,9.71486161326126));
#2503=CARTESIAN_POINT('Origin',(32.4863501035098,-12.2943059093169,9.71486161326126));
#2504=CARTESIAN_POINT('',(31.1363501035098,-12.2943059093169,9.71486161326126));
#2505=CARTESIAN_POINT('Origin',(32.4863501035098,-12.294305909317,9.71486161326126));
#2506=CARTESIAN_POINT('',(33.4863501035098,-12.2943059093169,9.71486161326126));
#2507=CARTESIAN_POINT('Origin',(32.4863501035098,-12.2943059093169,9.71486161326126));
#2508=CARTESIAN_POINT('Origin',(32.4863501035098,-12.2943059093169,9.71486161326126));
#2509=CARTESIAN_POINT('',(33.4863501035098,-8.29430590931694,9.71486161326126));
#2510=CARTESIAN_POINT('Origin',(32.4863501035098,-8.29430590931694,9.71486161326126));
#2511=CARTESIAN_POINT('',(33.4863501035098,-12.2943059093169,9.71486161326126));
#2512=CARTESIAN_POINT('Origin',(32.4863501035098,-12.2943059093169,9.71486161326126));
#2513=CARTESIAN_POINT('',(34.8363501035098,-8.29430590931694,9.71486161326126));
#2514=CARTESIAN_POINT('Origin',(32.4863501035098,-8.29430590931694,9.71486161326126));
#2515=CARTESIAN_POINT('',(34.8363501035098,-12.2943059093169,9.71486161326126));
#2516=CARTESIAN_POINT('',(34.8363501035098,-12.2943059093169,9.71486161326126));
#2517=CARTESIAN_POINT('Origin',(32.4863501035098,-12.294305909317,9.71486161326126));
#2518=CARTESIAN_POINT('Origin',(32.4863501035098,-8.29430590931694,9.71486161326126));
#2519=CARTESIAN_POINT('Origin',(3.49999926239253,-9.79430585716289,7.77660817715599));
#2520=CARTESIAN_POINT('',(6.29999926239253,-9.79430585716289,7.77660817715599));
#2521=CARTESIAN_POINT('Origin',(3.49999926239253,-9.79430585716289,7.77660817715599));
#2522=CARTESIAN_POINT('',(4.94999926239253,-9.79430585716289,7.77660817715599));
#2523=CARTESIAN_POINT('Origin',(3.49999926239253,-9.79430585716289,7.77660817715599));
#2524=CARTESIAN_POINT('Origin',(11.0863501035098,-13.2943059093169,9.71486161326126));
#2525=CARTESIAN_POINT('',(9.73635010350976,-14.294305909317,9.71486161326126));
#2526=CARTESIAN_POINT('Origin',(11.0863501035098,-14.294305909317,9.71486161326126));
#2527=CARTESIAN_POINT('',(9.73635010350976,-13.2943059093169,9.71486161326126));
#2528=CARTESIAN_POINT('Origin',(32.4863501035098,-13.2943059093169,9.71486161326126));
#2529=CARTESIAN_POINT('',(31.1363501035098,-14.294305909317,9.71486161326126));
#2530=CARTESIAN_POINT('Origin',(32.4863501035098,-14.294305909317,9.71486161326126));
#2531=CARTESIAN_POINT('',(31.1363501035098,-13.2943059093169,9.71486161326126));
#2532=CARTESIAN_POINT('Origin',(29.9863501035098,-13.2943059093169,4.31486161326126));
#2533=CARTESIAN_POINT('',(29.9863501035098,-14.294305909317,4.31486161326126));
#2534=CARTESIAN_POINT('',(13.5863501035098,-14.294305909317,4.31486161326126));
#2535=CARTESIAN_POINT('',(43.9931750890078,-14.294305909317,4.31486161326126));
#2536=CARTESIAN_POINT('',(29.9863501035098,-12.2943059093169,4.31486161326126));
#2537=CARTESIAN_POINT('',(29.9863501035098,-13.2943059093169,4.31486161326126));
#2538=CARTESIAN_POINT('',(13.5863501035098,-12.2943059093169,4.31486161326126));
#2539=CARTESIAN_POINT('',(29.9931748803915,-12.294305909317,4.31486161326126));
#2540=CARTESIAN_POINT('',(13.5863501035098,-13.2943059093169,4.31486161326126));
#2541=CARTESIAN_POINT('Origin',(29.9863501035098,-13.2943059093169,15.1148616132613));
#2542=CARTESIAN_POINT('',(29.9863501035098,-14.294305909317,15.1148616132613));
#2543=CARTESIAN_POINT('',(29.9863501035098,-14.294305909317,9.19573489520862));
#2544=CARTESIAN_POINT('',(29.9863501035098,-12.2943059093169,15.1148616132613));
#2545=CARTESIAN_POINT('',(29.9863501035098,-13.2943059093169,15.1148616132613));
#2546=CARTESIAN_POINT('',(29.9863501035098,-12.294305909317,9.19573489520862));
#2547=CARTESIAN_POINT('Origin',(13.5863501035098,-13.2943059093169,15.1148616132613));
#2548=CARTESIAN_POINT('',(13.5863501035098,-14.294305909317,15.1148616132613));
#2549=CARTESIAN_POINT('',(35.7931750890078,-14.294305909317,15.1148616132613));
#2550=CARTESIAN_POINT('',(13.5863501035098,-12.2943059093169,15.1148616132613));
#2551=CARTESIAN_POINT('',(13.5863501035098,-13.2943059093169,15.1148616132613));
#2552=CARTESIAN_POINT('',(21.7931748803915,-12.294305909317,15.1148616132613));
#2553=CARTESIAN_POINT('Origin',(13.5863501035098,-13.2943059093169,4.31486161326126));
#2554=CARTESIAN_POINT('',(13.5863501035098,-14.294305909317,3.79573489520862));
#2555=CARTESIAN_POINT('',(13.5863501035098,-12.294305909317,3.79573489520862));
#2556=CARTESIAN_POINT('Origin',(43.9999998658896,-0.294305715601857,3.27660817715599));
#2557=CARTESIAN_POINT('',(52.9266844272665,10.4666059537356,3.27660817715599));
#2558=CARTESIAN_POINT('',(52.9266844272662,-11.4333940462644,3.27660817715599));
#2559=CARTESIAN_POINT('',(52.9266844272661,-5.693849880933,3.27660817715599));
#2560=CARTESIAN_POINT('',(52.7015947454088,-11.9897016285364,3.27660817715599));
#2561=CARTESIAN_POINT('Origin',(52.1266844272662,-11.4333940462644,3.27660817715599));
#2562=CARTESIAN_POINT('',(52.0266844272663,-12.2943059093169,3.27660817715599));
#2563=CARTESIAN_POINT('Origin',(52.0266844272663,-11.3943059093169,3.27660817715599));
#2564=CARTESIAN_POINT('',(78.0000003874302,-12.294305909317,3.27660817715599));
#2565=CARTESIAN_POINT('',(30.9999996572733,-12.294305909317,3.27660817715599));
#2566=CARTESIAN_POINT('',(80.0000004023314,-10.2943058795146,3.27660817715599));
#2567=CARTESIAN_POINT('Origin',(78.0000004023314,-10.294305909317,3.27660817715599));
#2568=CARTESIAN_POINT('',(80.0000004023314,3.5083582615264,3.27660817715599));
#2569=CARTESIAN_POINT('',(80.0000004023314,-6.2943058124594,3.27660817715599));
#2570=CARTESIAN_POINT('',(80.0000004023314,9.31918908005877,3.27660817715599));
#2571=CARTESIAN_POINT('Origin',(76.762553676963,6.41377367079259,3.27660817715599));
#2572=CARTESIAN_POINT('',(80.0000004023314,28.705694731433,3.27660817715599));
#2573=CARTESIAN_POINT('',(80.0000004023314,-6.2943058124594,3.27660817715599));
#2574=CARTESIAN_POINT('',(78.0000003874302,30.7056944781132,3.27660817715599));
#2575=CARTESIAN_POINT('Origin',(78.0000004023314,28.7056944781132,3.27660817715599));
#2576=CARTESIAN_POINT('',(2.99999965727329,30.7056944781132,3.27660817715599));
#2577=CARTESIAN_POINT('',(44.4999997653067,30.7056944781132,3.27660817715599));
#2578=CARTESIAN_POINT('',(0.999999657273296,28.7056944781132,3.27660817715599));
#2579=CARTESIAN_POINT('Origin',(2.99999965727329,28.7056944781132,3.27660817715599));
#2580=CARTESIAN_POINT('',(0.999999657273296,-6.48443090156212,3.27660817715599));
#2581=CARTESIAN_POINT('',(0.999999657273296,15.2056943812557,3.27660817715599));
#2582=CARTESIAN_POINT('',(3.67782762566153,-6.48443090156212,3.27660817715599));
#2583=CARTESIAN_POINT('',(22.4999997615814,-6.48443090156212,3.27660817715599));
#2584=CARTESIAN_POINT('',(6.81435837588828,-9.83811014101395,3.27660817715599));
#2585=CARTESIAN_POINT('Origin',(3.49999926239252,-9.79430585716289,3.27660817715599));
#2586=CARTESIAN_POINT('',(6.78189602255112,-12.294305909317,3.27660817715599));
#2587=CARTESIAN_POINT('',(6.88066244683972,-4.82135190415015,3.27660817715599));
#2588=CARTESIAN_POINT('',(35.7748996057161,-12.2943059093169,3.27660817715599));
#2589=CARTESIAN_POINT('',(30.9999996572733,-12.294305909317,3.27660817715599));
#2590=CARTESIAN_POINT('',(34.8748996057161,-11.3943059093169,3.27660817715599));
#2591=CARTESIAN_POINT('Origin',(35.7748996057161,-11.3943059093169,3.27660817715599));
#2592=CARTESIAN_POINT('',(34.8748996057161,10.4032495190216,3.27660817715599));
#2593=CARTESIAN_POINT('',(34.8748996057161,-5.8443058124594,3.27660817715599));
#2594=CARTESIAN_POINT('',(35.7748996057161,11.3032495190216,3.27660817715599));
#2595=CARTESIAN_POINT('Origin',(35.7748996057161,10.4032495190216,3.27660817715599));
#2596=CARTESIAN_POINT('',(52.0266844272663,11.3032495190216,3.27660817715599));
#2597=CARTESIAN_POINT('',(39.8874497358028,11.3032495190216,3.27660817715599));
#2598=CARTESIAN_POINT('',(52.4403448122218,11.202552393981,3.27660817715599));
#2599=CARTESIAN_POINT('Origin',(52.0266844272663,10.4032495190216,3.27660817715599));
#2600=CARTESIAN_POINT('Origin',(52.1266844272665,10.4666059537356,3.27660817715599));
#2601=CARTESIAN_POINT('',(63.0000009387732,28.0000004172325,3.27660817715599));
#2602=CARTESIAN_POINT('Origin',(61.0000009089708,28.0000004172325,3.27660817715599));
#2603=CARTESIAN_POINT('',(34.85185291823,10.406006258972,3.27660817715599));
#2604=CARTESIAN_POINT('',(33.101853031585,10.4050551688463,3.27660817715599));
#2605=CARTESIAN_POINT('',(53.0017904060723,10.41587038894,3.27660817715599));
#2606=CARTESIAN_POINT('',(35.8018529085139,13.10587038894,3.27660817715599));
#2607=CARTESIAN_POINT('Origin',(35.8018529085139,10.4058703889399,3.27660817715599));
#2608=CARTESIAN_POINT('',(52.2018529085139,13.10587038894,3.27660817715599));
#2609=CARTESIAN_POINT('',(39.9009263872017,13.10587038894,3.27660817715599));
#2610=CARTESIAN_POINT('',(54.9018343899319,10.41587038894,3.27660817715599));
#2611=CARTESIAN_POINT('Origin',(52.2018529085139,10.4058703889399,3.27660817715599));
#2612=CARTESIAN_POINT('',(53.1518002754769,10.41587038894,3.27660817715599));
#2613=CARTESIAN_POINT('',(53.0017904060723,10.41587038894,3.27660817715599));
#2614=CARTESIAN_POINT('',(52.2018529085139,11.3558703889399,3.27660817715599));
#2615=CARTESIAN_POINT('Origin',(52.2018529085139,10.4058703889399,3.27660817715599));
#2616=CARTESIAN_POINT('',(35.8018529085139,11.3558703889399,3.27660817715599));
#2617=CARTESIAN_POINT('',(48.1009263872017,11.3558703889399,3.27660817715599));
#2618=CARTESIAN_POINT('Origin',(35.8018529085139,10.4058703889399,3.27660817715599));
#2619=CARTESIAN_POINT('',(25.000000372529,28.0000004172325,3.27660817715599));
#2620=CARTESIAN_POINT('Origin',(23.0000003427267,28.0000004172325,3.27660817715599));
#2621=CARTESIAN_POINT('',(63.0000009387732,-9.00000013411045,3.27660817715599));
#2622=CARTESIAN_POINT('Origin',(61.0000009089708,-9.00000013411045,3.27660817715599));
#2623=CARTESIAN_POINT('',(44.0000006556511,28.0000004172325,3.27660817715599));
#2624=CARTESIAN_POINT('Origin',(42.0000006258488,28.0000004172325,3.27660817715599));
#2625=CARTESIAN_POINT('',(63.0000009387732,9.00000013411045,3.27660817715599));
#2626=CARTESIAN_POINT('Origin',(61.0000009089708,9.00000013411045,3.27660817715599));
#2627=CARTESIAN_POINT('Origin',(34.8748996057161,-11.3943059093169,3.27660817715599));
#2628=CARTESIAN_POINT('',(34.8748996057161,-11.3943059093169,2.27660817715599));
#2629=CARTESIAN_POINT('',(34.8748996057161,-11.3943059093169,3.27660817715599));
#2630=CARTESIAN_POINT('',(34.8748996057161,10.4032495190216,2.27660817715599));
#2631=CARTESIAN_POINT('',(34.8748996057161,-11.3943059093169,2.27660817715599));
#2632=CARTESIAN_POINT('',(34.8748996057161,10.4032495190216,3.27660817715599));
#2633=CARTESIAN_POINT('Origin',(35.7748996057161,-11.3943059093169,3.27660817715599));
#2634=CARTESIAN_POINT('',(35.7748996057161,-12.2943059093169,2.27660817715599));
#2635=CARTESIAN_POINT('',(35.7748996057161,-12.2943059093169,3.27660817715599));
#2636=CARTESIAN_POINT('Origin',(35.7748996057161,-11.3943059093169,2.27660817715599));
#2637=CARTESIAN_POINT('Origin',(52.0266844272663,-11.3943059093169,3.27660817715599));
#2638=CARTESIAN_POINT('',(52.7015947454088,-11.9897016285364,2.27660817715599));
#2639=CARTESIAN_POINT('',(52.7015947454096,-11.9897016285354,3.27660817715599));
#2640=CARTESIAN_POINT('',(52.0266844272663,-12.2943059093169,2.27660817715599));
#2641=CARTESIAN_POINT('Origin',(52.0266844272663,-11.3943059093169,2.27660817715599));
#2642=CARTESIAN_POINT('',(52.0266844272663,-12.2943059093169,3.27660817715599));
#2643=CARTESIAN_POINT('Origin',(52.0266844272663,10.4032495190216,3.27660817715599));
#2644=CARTESIAN_POINT('',(52.0266844272663,11.3032495190216,2.27660817715599));
#2645=CARTESIAN_POINT('',(52.0266844272663,11.3032495190216,3.27660817715599));
#2646=CARTESIAN_POINT('',(52.4403448122218,11.202552393981,2.27660817715599));
#2647=CARTESIAN_POINT('Origin',(52.0266844272663,10.4032495190216,2.27660817715599));
#2648=CARTESIAN_POINT('',(52.4403448122229,11.2025523939804,3.27660817715599));
#2649=CARTESIAN_POINT('Origin',(35.7748996057161,11.3032495190216,3.27660817715599));
#2650=CARTESIAN_POINT('',(35.7748996057161,11.3032495190216,2.27660817715599));
#2651=CARTESIAN_POINT('',(35.7748996057161,11.3032495190216,3.27660817715599));
#2652=CARTESIAN_POINT('',(35.7748996057161,11.3032495190216,2.27660817715599));
#2653=CARTESIAN_POINT('Origin',(35.7748996057161,10.4032495190216,3.27660817715598));
#2654=CARTESIAN_POINT('Origin',(35.7748996057161,10.4032495190216,2.27660817715598));
#2655=CARTESIAN_POINT('Origin',(52.1266844272662,-11.4333940462644,3.27660817715599));
#2656=CARTESIAN_POINT('',(52.9266844272662,-11.4333940462644,2.27660817715599));
#2657=CARTESIAN_POINT('',(52.9266844272662,-11.4333940462644,3.27660817715599));
#2658=CARTESIAN_POINT('Origin',(52.1266844272662,-11.4333940462644,2.27660817715599));
#2659=CARTESIAN_POINT('Origin',(52.9266844272665,10.4666059537356,3.27660817715599));
#2660=CARTESIAN_POINT('',(52.9266844272665,10.4666059537356,2.27660817715599));
#2661=CARTESIAN_POINT('',(52.9266844272665,10.4666059537356,3.27660817715599));
#2662=CARTESIAN_POINT('',(52.9266844272662,-11.4333940462644,2.27660817715599));
#2663=CARTESIAN_POINT('Origin',(52.1266844272665,10.4666059537356,3.27660817715599));
#2664=CARTESIAN_POINT('Origin',(52.1266844272665,10.4666059537356,2.27660817715599));
#2665=CARTESIAN_POINT('Origin',(43.9266844272664,-0.483394046264244,2.27660817715599));
#2666=CARTESIAN_POINT('',(52.0266844272663,-12.2943059093169,2.27660817715599));
#2667=CARTESIAN_POINT('Origin',(-3.42726700353069E-7,16.2460645306182,7.89743063869));
#2668=CARTESIAN_POINT('',(-1.0000003427267,16.7460645306182,7.89743063869));
#2669=CARTESIAN_POINT('',(-1.0000003427267,16.2460645306182,7.39743063869));
#2670=CARTESIAN_POINT('Origin',(-1.0000003427267,16.2460645306182,7.89743063869));
#2671=CARTESIAN_POINT('',(0.999999657273296,16.2460645306182,7.39743063869));
#2672=CARTESIAN_POINT('',(-3.42726700353069E-7,16.2460645306182,7.39743063869));
#2673=CARTESIAN_POINT('',(0.999999657273296,16.7460645306182,7.89743063869));
#2674=CARTESIAN_POINT('Origin',(0.999999657273296,16.2460645306182,7.89743063869));
#2675=CARTESIAN_POINT('',(-3.42726700353069E-7,16.7460645306182,7.89743063869));
#2676=CARTESIAN_POINT('Origin',(-3.42726700353069E-7,16.7460645306182,7.39743063869));
#2677=CARTESIAN_POINT('',(-1.0000003427267,2.64606453061818,7.39743063869));
#2678=CARTESIAN_POINT('',(-1.0000003427267,1.72587931065061,7.39743063869));
#2679=CARTESIAN_POINT('',(0.999999657273296,2.64606453061818,7.39743063869));
#2680=CARTESIAN_POINT('',(-3.42726700353069E-7,2.64606453061818,7.39743063869));
#2681=CARTESIAN_POINT('',(0.999999657273296,23.7258795043657,7.39743063869));
#2682=CARTESIAN_POINT('Origin',(-3.42726700353069E-7,16.2460645306182,12.29743063869));
#2683=CARTESIAN_POINT('',(-1.0000003427267,16.2460645306182,12.79743063869));
#2684=CARTESIAN_POINT('',(-1.0000003427267,16.7460645306182,12.29743063869));
#2685=CARTESIAN_POINT('Origin',(-1.0000003427267,16.2460645306182,12.29743063869));
#2686=CARTESIAN_POINT('',(0.999999657273296,16.7460645306182,12.29743063869));
#2687=CARTESIAN_POINT('',(-3.42726700353069E-7,16.7460645306182,12.29743063869));
#2688=CARTESIAN_POINT('',(0.999999657273296,16.2460645306182,12.79743063869));
#2689=CARTESIAN_POINT('Origin',(0.999999657273296,16.2460645306182,12.29743063869));
#2690=CARTESIAN_POINT('',(-3.42726700353069E-7,16.2460645306182,12.79743063869));
#2691=CARTESIAN_POINT('Origin',(-3.42726700353069E-7,16.7460645306182,12.79743063869));
#2692=CARTESIAN_POINT('',(0.999999657273296,16.7460645306182,8.037019407923));
#2693=CARTESIAN_POINT('',(-1.0000003427267,16.7460645306182,8.037019407923));
#2694=CARTESIAN_POINT('Origin',(-3.42726700353069E-7,2.64606453061818,12.29743063869));
#2695=CARTESIAN_POINT('',(-1.0000003427267,2.14606453061818,12.29743063869));
#2696=CARTESIAN_POINT('',(-1.0000003427267,2.64606453061818,12.79743063869));
#2697=CARTESIAN_POINT('Origin',(-1.0000003427267,2.64606453061818,12.29743063869));
#2698=CARTESIAN_POINT('',(0.999999657273296,2.64606453061818,12.79743063869));
#2699=CARTESIAN_POINT('',(-3.42726700353069E-7,2.64606453061818,12.79743063869));
#2700=CARTESIAN_POINT('',(0.999999657273296,2.14606453061817,12.29743063869));
#2701=CARTESIAN_POINT('Origin',(0.999999657273296,2.64606453061818,12.29743063869));
#2702=CARTESIAN_POINT('',(-3.42726700353069E-7,2.14606453061818,12.29743063869));
#2703=CARTESIAN_POINT('Origin',(-3.42726700353069E-7,2.14606453061818,12.79743063869));
#2704=CARTESIAN_POINT('',(0.999999657273296,16.4258795043657,12.79743063869));
#2705=CARTESIAN_POINT('',(-1.0000003427267,-5.57412068934939,12.79743063869));
#2706=CARTESIAN_POINT('Origin',(-3.42726700353069E-7,2.64606453061818,7.89743063869));
#2707=CARTESIAN_POINT('',(-1.0000003427267,2.14606453061818,7.89743063869));
#2708=CARTESIAN_POINT('Origin',(-1.0000003427267,2.64606453061818,7.89743063869));
#2709=CARTESIAN_POINT('',(0.999999657273296,2.14606453061817,7.89743063869));
#2710=CARTESIAN_POINT('',(-3.42726700353069E-7,2.14606453061818,7.89743063869));
#2711=CARTESIAN_POINT('Origin',(0.999999657273296,2.64606453061818,7.89743063869));
#2712=CARTESIAN_POINT('Origin',(-3.42726700353069E-7,2.14606453061818,7.39743063869));
#2713=CARTESIAN_POINT('',(0.999999657273296,2.14606453061817,5.33701940792299));
#2714=CARTESIAN_POINT('',(-1.0000003427267,2.14606453061818,5.33701940792299));
#2715=CARTESIAN_POINT('Origin',(76.762553676963,6.41377367079259,3.27660817715599));
#2716=CARTESIAN_POINT('',(80.0000004023314,9.31918908005877,5.77660817715599));
#2717=CARTESIAN_POINT('',(80.0000004023314,9.31918908005878,3.27660817715599));
#2718=CARTESIAN_POINT('',(80.0000004023314,3.5083582615264,5.77660817715599));
#2719=CARTESIAN_POINT('',(80.0000004023314,3.50835826152639,3.27660817715599));
#2720=CARTESIAN_POINT('Origin',(76.762553676963,6.41377367079259,5.77660817715599));
#2721=CARTESIAN_POINT('Origin',(76.762553676963,6.41377367079259,3.27660817715599));
#2722=CARTESIAN_POINT('',(73.962553676963,6.41377367079259,3.27660817715599));
#2723=CARTESIAN_POINT('Origin',(76.762553676963,6.41377367079259,3.27660817715599));
#2724=CARTESIAN_POINT('',(78.212553676963,6.41377367079259,3.27660817715599));
#2725=CARTESIAN_POINT('Origin',(76.762553676963,6.41377367079259,3.27660817715599));
#2726=CARTESIAN_POINT('Origin',(76.762553676963,6.41377367079259,5.77660817715599));
#2727=CARTESIAN_POINT('',(80.0000004023314,-2.94026611926218,5.77660817715599));
#2728=CARTESIAN_POINT('',(78.212553676963,6.41377367079259,5.77660817715599));
#2729=CARTESIAN_POINT('Origin',(76.762553676963,6.41377367079259,5.77660817715599));
#2730=CARTESIAN_POINT('Origin',(76.762553676963,6.41377367079259,3.27660817715599));
#2731=CARTESIAN_POINT('',(78.212553676963,6.41377367079259,3.27660817715599));
#2732=CARTESIAN_POINT('Origin',(80.0000004023314,-12.294305909317,3.27660817715599));
#2733=CARTESIAN_POINT('',(80.0000004023314,-10.2943058795146,20.276608177156));
#2734=CARTESIAN_POINT('',(80.0000004023314,-10.2943058795146,3.27660817715599));
#2735=CARTESIAN_POINT('',(80.0000004023314,-10.294305909317,31.584987865518));
#2736=CARTESIAN_POINT('',(80.0000004023314,-10.294305909317,3.27660817715599));
#2737=CARTESIAN_POINT('',(80.0000004023314,28.7056944781132,24.7082355495735));
#2738=CARTESIAN_POINT('',(80.0000004023314,2.24194592331649,29.3745084304688));
#2739=CARTESIAN_POINT('',(80.0000004023314,28.705694731433,12.776608177156));
#2740=CARTESIAN_POINT('',(80.0000004023314,28.7056944781132,3.27660817715599));
#2741=CARTESIAN_POINT('',(80.0000004023314,28.705694731433,3.27660817715599));
#2742=CARTESIAN_POINT('Origin',(76.762553676963,6.41377367079259,-0.72339182284401));
#2743=CARTESIAN_POINT('',(73.962553676963,6.41377367079259,-0.723391822844011));
#2744=CARTESIAN_POINT('Origin',(76.762553676963,6.41377367079259,-0.723391822844014));
#2745=CARTESIAN_POINT('',(73.962553676963,6.41377367079259,-0.72339182284401));
#2746=CARTESIAN_POINT('Origin',(43.9999998658896,-0.294305715601857,-0.723391822844014));
#2747=CARTESIAN_POINT('',(78.5000000745058,32.7056944781133,-0.723391822844014));
#2748=CARTESIAN_POINT('',(82.0000000745058,29.2056944781133,-0.723391822844014));
#2749=CARTESIAN_POINT('Origin',(78.5000000745058,29.2056944781133,-0.723391822844014));
#2750=CARTESIAN_POINT('',(82.0000000745058,-10.794305909317,-0.723391822844014));
#2751=CARTESIAN_POINT('',(82.0000000745058,-6.2943058124594,-0.723391822844014));
#2752=CARTESIAN_POINT('',(78.5000000745058,-14.294305909317,-0.723391822844014));
#2753=CARTESIAN_POINT('Origin',(78.5000000745058,-10.794305909317,-0.723391822844014));
#2754=CARTESIAN_POINT('',(2.4999996572733,-14.294305909317,-0.723391822844014));
#2755=CARTESIAN_POINT('',(50.9999999701977,-14.294305909317,-0.723391822844014));
#2756=CARTESIAN_POINT('',(-1.0000003427267,-10.794305909317,-0.723391822844014));
#2757=CARTESIAN_POINT('Origin',(2.4999996572733,-10.794305909317,-0.723391822844014));
#2758=CARTESIAN_POINT('',(-1.0000003427267,29.2056944781133,-0.723391822844014));
#2759=CARTESIAN_POINT('',(-1.0000003427267,-6.7943058124594,-0.723391822844014));
#2760=CARTESIAN_POINT('',(2.4999996572733,32.7056944781133,-0.723391822844014));
#2761=CARTESIAN_POINT('Origin',(2.4999996572733,29.2056944781133,-0.723391822844014));
#2762=CARTESIAN_POINT('',(50.9999999701977,32.7056944781133,-0.723391822844014));
#2763=CARTESIAN_POINT('',(6.29999926239253,-9.79430585716289,-0.723391822844014));
#2764=CARTESIAN_POINT('Origin',(3.49999926239253,-9.79430585716289,-0.723391822844014));
#2765=CARTESIAN_POINT('Origin',(60.9930895654008,28.0629091069233,22.2058763641759));
#2766=CARTESIAN_POINT('',(63.0000009387732,9.00000013411045,25.5671815468723));
#2767=CARTESIAN_POINT('Origin',(61.0000009089708,9.00000013411045,25.5671815468723));
#2768=CARTESIAN_POINT('Origin',(60.9930895654008,28.1497331957568,22.698280240682));
#2769=CARTESIAN_POINT('',(44.0000006556511,28.0000004172325,22.7246821694322));
#2770=CARTESIAN_POINT('Origin',(42.0000006258488,28.0000004172325,22.7246821694322));
#2771=CARTESIAN_POINT('Origin',(60.9930895654008,28.0629091069233,22.2058763641759));
#2772=CARTESIAN_POINT('',(63.0000009387732,-9.00000013411045,28.7410672469192));
#2773=CARTESIAN_POINT('Origin',(61.0000009089708,-9.00000013411045,28.7410672469192));
#2774=CARTESIAN_POINT('Origin',(60.9930895654008,28.1497331957568,22.698280240682));
#2775=CARTESIAN_POINT('',(25.000000372529,28.0000004172325,22.7246821694322));
#2776=CARTESIAN_POINT('Origin',(23.0000003427267,28.0000004172325,22.7246821694322));
#2777=CARTESIAN_POINT('Origin',(44.0018320748189,11.0058703889399,5.77660817715599));
#2778=CARTESIAN_POINT('',(33.101853031585,10.4050551688463,5.77660817715599));
#2779=CARTESIAN_POINT('',(35.8018529085139,13.10587038894,5.77660817715599));
#2780=CARTESIAN_POINT('Origin',(35.8018529085139,10.4058703889399,5.77660817715599));
#2781=CARTESIAN_POINT('',(34.85185291823,10.406006258972,5.77660817715599));
#2782=CARTESIAN_POINT('',(39.5020041621804,10.4085335236676,5.77660817715599));
#2783=CARTESIAN_POINT('',(35.8018529085139,11.3558703889399,5.77660817715599));
#2784=CARTESIAN_POINT('Origin',(35.8018529085139,10.4058703889399,5.77660817715599));
#2785=CARTESIAN_POINT('',(52.2018529085139,11.3558703889399,5.77660817715599));
#2786=CARTESIAN_POINT('',(48.1018424916664,11.3558703889399,5.77660817715599));
#2787=CARTESIAN_POINT('',(53.1518002754769,10.41587038894,5.77660817715599));
#2788=CARTESIAN_POINT('Origin',(52.2018529085139,10.4058703889399,5.77660817715599));
#2789=CARTESIAN_POINT('',(54.9018343899319,10.41587038894,5.77660817715599));
#2790=CARTESIAN_POINT('',(48.7018216579713,10.41587038894,5.77660817715599));
#2791=CARTESIAN_POINT('',(52.2018529085139,13.10587038894,5.77660817715599));
#2792=CARTESIAN_POINT('Origin',(52.2018529085139,10.4058703889399,5.77660817715599));
#2793=CARTESIAN_POINT('',(39.9018424916664,13.10587038894,5.77660817715599));
#2794=CARTESIAN_POINT('Origin',(60.9930895654008,28.0629091069233,22.2058763641759));
#2795=CARTESIAN_POINT('',(63.0000009387732,28.0000004172325,22.2169688634894));
#2796=CARTESIAN_POINT('Origin',(61.0000009089708,28.0000004172325,22.2169688634894));
#2797=CARTESIAN_POINT('Origin',(61.0000009089708,9.00000013411045,3.27660817715599));
#2798=CARTESIAN_POINT('',(63.0000009387732,9.00000013411045,3.27660817715599));
#2799=CARTESIAN_POINT('Origin',(42.0000006258488,28.0000004172325,3.27660817715599));
#2800=CARTESIAN_POINT('',(44.0000006556511,28.0000004172325,3.27660817715599));
#2801=CARTESIAN_POINT('Origin',(61.0000009089708,-9.00000013411045,3.27660817715599));
#2802=CARTESIAN_POINT('',(63.0000009387732,-9.00000013411045,3.27660817715599));
#2803=CARTESIAN_POINT('Origin',(23.0000003427267,28.0000004172325,3.27660817715599));
#2804=CARTESIAN_POINT('',(25.000000372529,28.0000004172325,3.27660817715599));
#2805=CARTESIAN_POINT('Origin',(35.8018529085139,10.4058703889399,3.27660817715599));
#2806=CARTESIAN_POINT('',(35.8018529085139,11.3558703889399,3.27660817715599));
#2807=CARTESIAN_POINT('',(34.85185291823,10.406006258972,3.27660817715599));
#2808=CARTESIAN_POINT('Origin',(52.2018529085139,11.3558703889399,3.27660817715599));
#2809=CARTESIAN_POINT('',(52.2018529085139,11.3558703889399,3.27660817715599));
#2810=CARTESIAN_POINT('Origin',(52.2018529085139,10.4058703889399,3.27660817715599));
#2811=CARTESIAN_POINT('',(53.1518002754769,10.41587038894,3.27660817715599));
#2812=CARTESIAN_POINT('Origin',(53.4018112411238,10.41587038894,3.27660817715599));
#2813=CARTESIAN_POINT('',(54.9018343899319,10.41587038894,3.27660817715599));
#2814=CARTESIAN_POINT('Origin',(52.2018529085139,10.4058703889399,3.27660817715599));
#2815=CARTESIAN_POINT('',(52.2018529085139,13.10587038894,3.27660817715599));
#2816=CARTESIAN_POINT('Origin',(35.8018529085139,13.10587038894,3.27660817715599));
#2817=CARTESIAN_POINT('',(35.8018529085139,13.10587038894,3.27660817715599));
#2818=CARTESIAN_POINT('Origin',(35.8018529085139,10.4058703889399,3.27660817715599));
#2819=CARTESIAN_POINT('',(33.101853031585,10.4050551688463,3.27660817715599));
#2820=CARTESIAN_POINT('Origin',(35.001852938051,10.4060877809988,3.27660817715599));
#2821=CARTESIAN_POINT('Origin',(61.0000009089708,28.0000004172325,3.27660817715599));
#2822=CARTESIAN_POINT('',(63.0000009387732,28.0000004172325,3.27660817715599));
#2823=CARTESIAN_POINT('Origin',(3.49999926239252,-9.79430585716289,3.27660817715599));
#2824=CARTESIAN_POINT('',(3.67782762566153,-6.48443090156212,11.276608177156));
#2825=CARTESIAN_POINT('',(3.67782762566153,-6.48443090156212,6.27660817715599));
#2826=CARTESIAN_POINT('',(6.81435837588828,-9.83811014101395,11.276608177156));
#2827=CARTESIAN_POINT('Origin',(3.49999926239252,-9.79430585716289,11.276608177156));
#2828=CARTESIAN_POINT('',(6.81435837588828,-9.83811014101395,6.27660817715599));
#2829=CARTESIAN_POINT('Origin',(41.0000006109476,-12.294305909317,9.50000014156103));
#2830=CARTESIAN_POINT('',(46.9064946930419,-12.294305909317,9.50000014156103));
#2831=CARTESIAN_POINT('',(41.0000006109476,-12.294305909317,9.50000014156103));
#2832=CARTESIAN_POINT('',(35.5000001341105,-12.294305909317,9.50000014156103));
#2833=CARTESIAN_POINT('',(46.9064946930419,-11.294305909317,9.50000014156103));
#2834=CARTESIAN_POINT('',(46.9064946930419,-12.294305909317,9.50000014156103));
#2835=CARTESIAN_POINT('',(41.0000006109476,-11.294305909317,9.50000014156103));
#2836=CARTESIAN_POINT('',(41.0000006109476,-11.294305909317,9.50000014156103));
#2837=CARTESIAN_POINT('',(41.0000006109476,-12.294305909317,9.50000014156103));
#2838=CARTESIAN_POINT('Origin',(6.81435837588828,-9.83811014101395,3.27660817715599));
#2839=CARTESIAN_POINT('',(6.78189602255112,-12.294305909317,11.276608177156));
#2840=CARTESIAN_POINT('',(6.81435837588828,-9.83811014101395,11.276608177156));
#2841=CARTESIAN_POINT('',(6.78189602255112,-12.294305909317,4.77660817715599));
#2842=CARTESIAN_POINT('Origin',(0.999999657273296,-6.48443090156212,3.27660817715599));
#2843=CARTESIAN_POINT('',(0.999999657273296,-6.48443090156212,11.276608177156));
#2844=CARTESIAN_POINT('',(0.999999657273296,-6.48443090156213,4.77660817715599));
#2845=CARTESIAN_POINT('',(3.67782762566153,-6.48443090156212,11.276608177156));
#2846=CARTESIAN_POINT('Origin',(3.49999926239253,-9.79430585716289,11.276608177156));
#2847=CARTESIAN_POINT('',(2.9999996572733,-12.294305909317,11.276608177156));
#2848=CARTESIAN_POINT('',(0.999999657273296,-10.2943059093169,11.276608177156));
#2849=CARTESIAN_POINT('Origin',(2.9999996572733,-10.294305909317,11.276608177156));
#2850=CARTESIAN_POINT('',(16.7499994598329,-12.294305909317,11.276608177156));
#2851=CARTESIAN_POINT('',(0.999999657273296,10.4556943104752,11.276608177156));
#2852=CARTESIAN_POINT('',(4.94999926239253,-9.79430585716289,11.276608177156));
#2853=CARTESIAN_POINT('Origin',(3.49999926239253,-9.79430585716289,11.276608177156));
#2854=CARTESIAN_POINT('Origin',(46.9064946930419,-12.294305909317,9.50000014156103));
#2855=CARTESIAN_POINT('',(46.9064946930419,-12.294305909317,8.43667678666796));
#2856=CARTESIAN_POINT('',(46.9064946930419,-12.294305909317,6.38830415935851));
#2857=CARTESIAN_POINT('',(46.9064946930419,-11.294305909317,8.43667678666796));
#2858=CARTESIAN_POINT('',(46.9064946930419,-12.294305909317,8.43667678666796));
#2859=CARTESIAN_POINT('',(46.9064946930419,-11.294305909317,9.50000014156103));
#2860=CARTESIAN_POINT('Origin',(43.9532476519948,-11.294305909317,8.96833846411449));
#2861=CARTESIAN_POINT('',(41.0000006109476,-11.294305909317,8.43667678666796));
#2862=CARTESIAN_POINT('',(46.9064946930419,-11.294305909317,8.43667678666796));
#2863=CARTESIAN_POINT('',(41.0000006109476,-11.294305909317,8.43667678666796));
#2864=CARTESIAN_POINT('Origin',(41.0000006109476,-12.294305909317,8.43667678666796));
#2865=CARTESIAN_POINT('',(41.0000006109476,-12.294305909317,8.43667678666796));
#2866=CARTESIAN_POINT('',(41.0000006109476,-12.294305909317,5.85664248191197));
#2867=CARTESIAN_POINT('',(41.0000006109476,-12.294305909317,8.43667678666796));
#2868=CARTESIAN_POINT('Origin',(29.9999996572733,-12.294305909317,3.27660817715599));
#2869=CARTESIAN_POINT('',(2.9999996572733,-12.294305909317,31.776608177156));
#2870=CARTESIAN_POINT('',(2.9999996572733,-12.294305909317,3.27660817715599));
#2871=CARTESIAN_POINT('',(78.0000004023314,-12.294305909317,31.776608177156));
#2872=CARTESIAN_POINT('',(36.9999997615814,-12.294305909317,31.776608177156));
#2873=CARTESIAN_POINT('',(78.0000003874302,-12.294305909317,20.276608177156));
#2874=CARTESIAN_POINT('',(78.0000004023314,-12.294305909317,3.27660817715599));
#2875=CARTESIAN_POINT('',(78.0000003874302,-12.294305909317,3.27660817715599));
#2876=CARTESIAN_POINT('',(40.5318529085139,-12.294305909317,8.43667678666798));
#2877=CARTESIAN_POINT('',(35.2659262828936,-12.294305909317,8.43667678666798));
#2878=CARTESIAN_POINT('',(39.3318529085139,-12.294305909317,7.23667678666797));
#2879=CARTESIAN_POINT('Origin',(40.5318529085139,-12.294305909317,7.23667678666797));
#2880=CARTESIAN_POINT('',(39.3318529085139,-12.294305909317,6.02667678666797));
#2881=CARTESIAN_POINT('',(39.3318529085139,-12.294305909317,4.65164248191197));
#2882=CARTESIAN_POINT('',(40.5318529085139,-12.294305909317,4.82667678666797));
#2883=CARTESIAN_POINT('Origin',(40.5318529085139,-12.294305909317,6.02667678666798));
#2884=CARTESIAN_POINT('',(47.4718529085139,-12.294305909317,4.82667678666796));
#2885=CARTESIAN_POINT('',(38.7359262828936,-12.294305909317,4.82667678666797));
#2886=CARTESIAN_POINT('',(48.6718529085139,-12.294305909317,6.02667678666796));
#2887=CARTESIAN_POINT('Origin',(47.4718529085139,-12.294305909317,6.02667678666796));
#2888=CARTESIAN_POINT('',(48.6718529085139,-12.294305909317,7.23667678666795));
#2889=CARTESIAN_POINT('',(48.6718529085139,-12.294305909317,5.25664248191195));
#2890=CARTESIAN_POINT('',(47.4718529085139,-12.294305909317,8.43667678666796));
#2891=CARTESIAN_POINT('Origin',(47.4718529085139,-12.294305909317,7.23667678666795));
#2892=CARTESIAN_POINT('',(35.2659262828936,-12.294305909317,8.43667678666798));
#2893=CARTESIAN_POINT('Origin',(78.0000004023314,-10.294305909317,3.27660817715599));
#2894=CARTESIAN_POINT('',(79.678991719722,-11.381038698979,31.776608177156));
#2895=CARTESIAN_POINT('Origin',(78.0000004023314,-10.294305909317,31.776608177156));
#2896=CARTESIAN_POINT('Origin',(78.0000004023314,-10.294305909317,31.584987865518));
#2897=CARTESIAN_POINT('Origin',(78.0000004023314,28.7056944781132,3.27660817715599));
#2898=CARTESIAN_POINT('',(78.0000004023314,30.7056944781132,24.3555815881565));
#2899=CARTESIAN_POINT('Origin',(78.0000004023314,28.7056944781132,24.7082355495735));
#2900=CARTESIAN_POINT('',(78.0000003874302,30.7056944781132,12.776608177156));
#2901=CARTESIAN_POINT('',(78.0000004023314,30.7056944781132,3.27660817715599));
#2902=CARTESIAN_POINT('',(78.0000003874302,30.7056944781132,3.27660817715599));
#2903=CARTESIAN_POINT('Origin',(87.0000000745058,30.7056944781132,3.27660817715599));
#2904=CARTESIAN_POINT('',(2.99999965727329,30.7056944781132,24.3555815881565));
#2905=CARTESIAN_POINT('',(2.99999965727329,30.7056944781132,3.27660817715599));
#2906=CARTESIAN_POINT('',(63.7499999701977,30.7056944781132,24.3555815881565));
#2907=CARTESIAN_POINT('Origin',(2.99999965727329,28.7056944781132,3.27660817715599));
#2908=CARTESIAN_POINT('',(0.999999657273296,28.7056944781132,24.7082355495735));
#2909=CARTESIAN_POINT('Origin',(2.99999965727329,28.7056944781132,24.7082355495735));
#2910=CARTESIAN_POINT('',(0.999999657273296,28.7056944781132,3.27660817715599));
#2911=CARTESIAN_POINT('Origin',(0.999999657273296,30.7056944781132,3.27660817715599));
#2912=CARTESIAN_POINT('',(0.999999657273296,-10.294305909317,31.584987865518));
#2913=CARTESIAN_POINT('',(0.999999657273296,23.0936417846389,25.6977918565906));
#2914=CARTESIAN_POINT('',(0.999999657273296,-10.294305909317,3.27660817715599));
#2915=CARTESIAN_POINT('Origin',(2.9999996572733,-10.294305909317,3.27660817715599));
#2916=CARTESIAN_POINT('',(1.32100833988262,-11.381038698979,31.776608177156));
#2917=CARTESIAN_POINT('Origin',(2.9999996572733,-10.294305909317,31.584987865518));
#2918=CARTESIAN_POINT('Origin',(2.9999996572733,-10.294305909317,31.776608177156));
#2919=CARTESIAN_POINT('Origin',(3.49999926239253,-9.79430585716289,2.27660817715599));
#2920=CARTESIAN_POINT('',(4.94999926239253,-9.79430585716289,2.27660817715599));
#2921=CARTESIAN_POINT('Origin',(47.4718529085139,-6.54412961106004,6.02667678666795));
#2922=CARTESIAN_POINT('',(47.4718529085139,-14.294305909317,4.82667678666796));
#2923=CARTESIAN_POINT('',(48.6718529085139,-14.294305909317,6.02667678666796));
#2924=CARTESIAN_POINT('Origin',(47.4718529085139,-14.2943059093169,6.02667678666796));
#2925=CARTESIAN_POINT('',(48.6718529085139,-6.54412961106004,6.02667678666795));
#2926=CARTESIAN_POINT('',(47.4718529085139,-6.54412961106004,4.82667678666795));
#2927=CARTESIAN_POINT('Origin',(48.6718529085139,-6.54412961106004,7.23667678666794));
#2928=CARTESIAN_POINT('',(48.6718529085139,-14.294305909317,7.23667678666795));
#2929=CARTESIAN_POINT('',(48.6718529085139,-14.294305909317,5.25664248191197));
#2930=CARTESIAN_POINT('',(48.6718529085139,-6.54412961106004,7.23667678666794));
#2931=CARTESIAN_POINT('Origin',(47.4718529085139,-6.54412961106004,7.23667678666794));
#2932=CARTESIAN_POINT('',(47.4718529085139,-14.294305909317,8.43667678666796));
#2933=CARTESIAN_POINT('Origin',(47.4718529085139,-14.2943059093169,7.23667678666795));
#2934=CARTESIAN_POINT('',(47.4718529085139,-6.54412961106004,8.43667678666795));
#2935=CARTESIAN_POINT('Origin',(40.5318529085139,-6.54412961106004,8.43667678666797));
#2936=CARTESIAN_POINT('',(40.5318529085139,-14.294305909317,8.43667678666798));
#2937=CARTESIAN_POINT('',(49.2659264915099,-14.294305909317,8.43667678666796));
#2938=CARTESIAN_POINT('',(40.5318529085139,-6.54412961106004,8.43667678666797));
#2939=CARTESIAN_POINT('Origin',(40.5318529085139,-6.54412961106004,7.23667678666797));
#2940=CARTESIAN_POINT('',(39.3318529085139,-14.294305909317,7.23667678666797));
#2941=CARTESIAN_POINT('Origin',(40.5318529085139,-14.2943059093169,7.23667678666798));
#2942=CARTESIAN_POINT('',(39.3318529085139,-6.54412961106004,7.23667678666797));
#2943=CARTESIAN_POINT('Origin',(39.3318529085139,-6.54412961106004,6.02667678666797));
#2944=CARTESIAN_POINT('',(39.3318529085139,-14.294305909317,6.02667678666798));
#2945=CARTESIAN_POINT('',(39.3318529085139,-14.294305909317,4.65164248191199));
#2946=CARTESIAN_POINT('',(39.3318529085139,-6.54412961106004,6.02667678666797));
#2947=CARTESIAN_POINT('Origin',(40.5318529085139,-6.54412961106004,6.02667678666797));
#2948=CARTESIAN_POINT('',(40.5318529085139,-14.294305909317,4.82667678666797));
#2949=CARTESIAN_POINT('Origin',(40.5318529085139,-14.2943059093169,6.02667678666798));
#2950=CARTESIAN_POINT('',(40.5318529085139,-6.54412961106004,4.82667678666797));
#2951=CARTESIAN_POINT('Origin',(47.4718529085139,-6.54412961106004,4.82667678666795));
#2952=CARTESIAN_POINT('',(52.7359264915098,-14.294305909317,4.82667678666795));
#2953=CARTESIAN_POINT('Origin',(43.9999998658896,-12.794305909317,31.776608177156));
#2954=CARTESIAN_POINT('',(78.5000000745058,-14.294305909317,31.776608177156));
#2955=CARTESIAN_POINT('',(81.9504702792077,-11.381038698979,31.776608177156));
#2956=CARTESIAN_POINT('Origin',(78.5000000745058,-10.794305909317,31.776608177156));
#2957=CARTESIAN_POINT('',(42.2499998658896,-11.381038698979,31.776608177156));
#2958=CARTESIAN_POINT('',(-0.950470547428572,-11.381038698979,31.776608177156));
#2959=CARTESIAN_POINT('',(42.2499998658896,-11.381038698979,31.776608177156));
#2960=CARTESIAN_POINT('',(2.4999996572733,-14.294305909317,31.776608177156));
#2961=CARTESIAN_POINT('Origin',(2.4999996572733,-10.794305909317,31.776608177156));
#2962=CARTESIAN_POINT('',(50.9999999701977,-14.294305909317,31.776608177156));
#2963=CARTESIAN_POINT('Origin',(40.4999998658896,11.8768723375703,27.6756109464952));
#2964=CARTESIAN_POINT('',(82.0000000745058,-10.794305909317,31.6731513558722));
#2965=CARTESIAN_POINT('Origin',(78.5000000745058,-10.794305909317,31.6731513558722));
#2966=CARTESIAN_POINT('',(82.0000000745058,29.2056944781133,24.6200720592192));
#2967=CARTESIAN_POINT('',(82.0000000745058,2.24194592331649,29.3745084304688));
#2968=CARTESIAN_POINT('',(78.5000000745058,32.7056944781133,24.0029276267396));
#2969=CARTESIAN_POINT('Origin',(78.5000000745058,29.2056944781133,24.6200720592192));
#2970=CARTESIAN_POINT('',(2.4999996572733,32.7056944781133,24.0029276267396));
#2971=CARTESIAN_POINT('',(49.2499999701977,32.7056944781133,24.0029276267396));
#2972=CARTESIAN_POINT('',(-1.0000003427267,29.2056944781133,24.6200720592192));
#2973=CARTESIAN_POINT('Origin',(2.4999996572733,29.2056944781133,24.6200720592192));
#2974=CARTESIAN_POINT('',(-1.0000003427267,-10.794305909317,31.6731513558722));
#2975=CARTESIAN_POINT('',(-1.0000003427267,1.75702276812002,29.4600134663002));
#2976=CARTESIAN_POINT('Origin',(2.4999996572733,-10.794305909317,31.6731513558722));
#2977=CARTESIAN_POINT('Origin',(58.0000000745058,32.7056944781133,3.27660817715599));
#2978=CARTESIAN_POINT('',(78.5000000745058,32.7056944781133,3.27660817715599));
#2979=CARTESIAN_POINT('',(2.4999996572733,32.7056944781133,2.27660817715599));
#2980=CARTESIAN_POINT('Origin',(2.4999996572733,29.2056944781133,3.27660817715599));
#2981=CARTESIAN_POINT('',(-1.0000003427267,29.2056944781133,3.27660817715599));
#2982=CARTESIAN_POINT('Origin',(-1.0000003427267,-13.294305909317,3.27660817715599));
#2983=CARTESIAN_POINT('',(-1.0000003427267,-10.794305909317,2.27660817715599));
#2984=CARTESIAN_POINT('Origin',(2.4999996572733,-10.794305909317,3.27660817715599));
#2985=CARTESIAN_POINT('',(2.4999996572733,-14.294305909317,3.27660817715599));
#2986=CARTESIAN_POINT('Origin',(58.0000000745058,-14.294305909317,3.27660817715599));
#2987=CARTESIAN_POINT('',(78.5000000745058,-14.294305909317,2.27660817715599));
#2988=CARTESIAN_POINT('Origin',(78.5000000745058,-10.794305909317,3.27660817715599));
#2989=CARTESIAN_POINT('',(82.0000000745058,-10.794305909317,3.27660817715599));
#2990=CARTESIAN_POINT('Origin',(82.0000000745058,-12.294305909317,3.27660817715599));
#2991=CARTESIAN_POINT('',(82.0000000745058,29.2056944781133,2.27660817715599));
#2992=CARTESIAN_POINT('Origin',(78.5000000745058,29.2056944781133,3.27660817715599));
#2993=CARTESIAN_POINT('Origin',(3.49999926239253,-9.79430585716289,2.27660817715599));
#2994=CARTESIAN_POINT('',(6.29999926239253,-9.79430585716289,2.27660817715599));
#2995=UNCERTAINTY_MEASURE_WITH_UNIT(LENGTH_MEASURE(0.01),#2999,
'DISTANCE_ACCURACY_VALUE',
'Maximum model space distance between geometric entities at asserted c
onnectivities');
#2996=UNCERTAINTY_MEASURE_WITH_UNIT(LENGTH_MEASURE(0.01),#2999,
'DISTANCE_ACCURACY_VALUE',
'Maximum model space distance between geometric entities at asserted c
onnectivities');
#2997=(
GEOMETRIC_REPRESENTATION_CONTEXT(3)
GLOBAL_UNCERTAINTY_ASSIGNED_CONTEXT((#2995))
GLOBAL_UNIT_ASSIGNED_CONTEXT((#2999,#3001,#3002))
REPRESENTATION_CONTEXT('','3D')
);
#2998=(
GEOMETRIC_REPRESENTATION_CONTEXT(3)
GLOBAL_UNCERTAINTY_ASSIGNED_CONTEXT((#2996))
GLOBAL_UNIT_ASSIGNED_CONTEXT((#2999,#3001,#3002))
REPRESENTATION_CONTEXT('','3D')
);
#2999=(
LENGTH_UNIT()
NAMED_UNIT(*)
SI_UNIT(.MILLI.,.METRE.)
);
#3000=(
LENGTH_UNIT()
NAMED_UNIT(*)
SI_UNIT($,.METRE.)
);
#3001=(
NAMED_UNIT(*)
PLANE_ANGLE_UNIT()
SI_UNIT($,.RADIAN.)
);
#3002=(
NAMED_UNIT(*)
SI_UNIT($,.STERADIAN.)
SOLID_ANGLE_UNIT()
);
#3003=SHAPE_DEFINITION_REPRESENTATION(#3004,#3005);
#3004=PRODUCT_DEFINITION_SHAPE('',$,#3007);
#3005=SHAPE_REPRESENTATION('',(#1771),#2997);
#3006=PRODUCT_DEFINITION_CONTEXT('part definition',#3011,'design');
#3007=PRODUCT_DEFINITION('2026-09-26-23-21-24-112','FusionComponent',#3008,
#3006);
#3008=PRODUCT_DEFINITION_FORMATION('',$,#3013);
#3009=PRODUCT_RELATED_PRODUCT_CATEGORY('FusionComponent',
'FusionComponent',(#3013));
#3010=APPLICATION_PROTOCOL_DEFINITION('international standard',
'automotive_design',2009,#3011);
#3011=APPLICATION_CONTEXT(
'Core Data for Automotive Mechanical Design Process');
#3012=PRODUCT_CONTEXT('part definition',#3011,'mechanical');
#3013=PRODUCT('2026-09-26-23-21-24-112','FusionComponent',$,(#3012));
#3014=PRESENTATION_STYLE_ASSIGNMENT((#3015));
#3015=SURFACE_STYLE_USAGE(.BOTH.,#3016);
#3016=SURFACE_SIDE_STYLE('',(#3017));
#3017=SURFACE_STYLE_FILL_AREA(#3018);
#3018=FILL_AREA_STYLE('Steel - Satin',(#3019));
#3019=FILL_AREA_STYLE_COLOUR('Steel - Satin',#3020);
#3020=COLOUR_RGB('Steel - Satin',0.627450980392157,0.627450980392157,0.627450980392157);
ENDSEC;
END-ISO-10303-21;
