ISO-10303-21;
HEADER;
/* Generated by software containing ST-Developer
 * from STEP Tools, Inc. (www.steptools.com) 
 */

FILE_DESCRIPTION(
/* description */ (''),
/* implementation_level */ '2;1');

FILE_NAME(
/* name */ 'Lid .step',
/* time_stamp */ '2026-09-26T23:21:08+05:30',
/* author */ (''),
/* organization */ (''),
/* preprocessor_version */ 'ST-DEVELOPER v20.2',
/* originating_system */ 'Autodesk Translation Framework v15.15.0.0',
/* authorisation */ '');

FILE_SCHEMA (('AUTOMOTIVE_DESIGN { 1 0 10303 214 3 1 1 }'));
ENDSEC;

DATA;
#10=MECHANICAL_DESIGN_GEOMETRIC_PRESENTATION_REPRESENTATION('',(#13),#2419);
#11=SHAPE_REPRESENTATION_RELATIONSHIP('SRR','None',#2426,#12);
#12=ADVANCED_BREP_SHAPE_REPRESENTATION('',(#14),#2418);
#13=STYLED_ITEM('',(#2435),#14);
#14=MANIFOLD_SOLID_BREP('Body1',#1426);
#15=(
BOUNDED_SURFACE()
B_SPLINE_SURFACE(1,2,((#2048,#2049,#2050),(#2051,#2052,#2053)),
 .UNSPECIFIED.,.F.,.F.,.F.)
B_SPLINE_SURFACE_WITH_KNOTS((2,2),(3,3),(2.18496469362154E-31,7.38605814759155),
(-1.57079632679489,3.53883589099269E-15),.UNSPECIFIED.)
GEOMETRIC_REPRESENTATION_ITEM()
RATIONAL_B_SPLINE_SURFACE(((1.,0.707106781186547,1.),(1.,0.707106781186547,
1.)))
REPRESENTATION_ITEM('')
SURFACE()
);
#16=LINE('',#2008,#150);
#17=LINE('',#2012,#151);
#18=LINE('',#2018,#152);
#19=LINE('',#2024,#153);
#20=LINE('',#2029,#154);
#21=LINE('',#2033,#155);
#22=LINE('',#2035,#156);
#23=LINE('',#2038,#157);
#24=LINE('',#2044,#158);
#25=LINE('',#2046,#159);
#26=LINE('',#2047,#160);
#27=LINE('',#2057,#161);
#28=LINE('',#2058,#162);
#29=LINE('',#2060,#163);
#30=LINE('',#2062,#164);
#31=LINE('',#2063,#165);
#32=LINE('',#2069,#166);
#33=LINE('',#2072,#167);
#34=LINE('',#2075,#168);
#35=LINE('',#2076,#169);
#36=LINE('',#2078,#170);
#37=LINE('',#2079,#171);
#38=LINE('',#2084,#172);
#39=LINE('',#2088,#173);
#40=LINE('',#2091,#174);
#41=LINE('',#2096,#175);
#42=LINE('',#2100,#176);
#43=LINE('',#2104,#177);
#44=LINE('',#2107,#178);
#45=LINE('',#2112,#179);
#46=LINE('',#2116,#180);
#47=LINE('',#2120,#181);
#48=LINE('',#2123,#182);
#49=LINE('',#2128,#183);
#50=LINE('',#2132,#184);
#51=LINE('',#2136,#185);
#52=LINE('',#2139,#186);
#53=LINE('',#2144,#187);
#54=LINE('',#2148,#188);
#55=LINE('',#2152,#189);
#56=LINE('',#2155,#190);
#57=LINE('',#2160,#191);
#58=LINE('',#2164,#192);
#59=LINE('',#2168,#193);
#60=LINE('',#2171,#194);
#61=LINE('',#2176,#195);
#62=LINE('',#2180,#196);
#63=LINE('',#2184,#197);
#64=LINE('',#2187,#198);
#65=LINE('',#2190,#199);
#66=LINE('',#2193,#200);
#67=LINE('',#2196,#201);
#68=LINE('',#2197,#202);
#69=LINE('',#2199,#203);
#70=LINE('',#2202,#204);
#71=LINE('',#2204,#205);
#72=LINE('',#2207,#206);
#73=LINE('',#2212,#207);
#74=LINE('',#2216,#208);
#75=LINE('',#2220,#209);
#76=LINE('',#2223,#210);
#77=LINE('',#2228,#211);
#78=LINE('',#2232,#212);
#79=LINE('',#2236,#213);
#80=LINE('',#2239,#214);
#81=LINE('',#2244,#215);
#82=LINE('',#2248,#216);
#83=LINE('',#2252,#217);
#84=LINE('',#2255,#218);
#85=LINE('',#2260,#219);
#86=LINE('',#2264,#220);
#87=LINE('',#2268,#221);
#88=LINE('',#2271,#222);
#89=LINE('',#2276,#223);
#90=LINE('',#2280,#224);
#91=LINE('',#2284,#225);
#92=LINE('',#2287,#226);
#93=LINE('',#2292,#227);
#94=LINE('',#2296,#228);
#95=LINE('',#2300,#229);
#96=LINE('',#2303,#230);
#97=LINE('',#2305,#231);
#98=LINE('',#2307,#232);
#99=LINE('',#2310,#233);
#100=LINE('',#2314,#234);
#101=LINE('',#2316,#235);
#102=LINE('',#2321,#236);
#103=LINE('',#2322,#237);
#104=LINE('',#2324,#238);
#105=LINE('',#2326,#239);
#106=LINE('',#2328,#240);
#107=LINE('',#2330,#241);
#108=LINE('',#2332,#242);
#109=LINE('',#2334,#243);
#110=LINE('',#2337,#244);
#111=LINE('',#2338,#245);
#112=LINE('',#2340,#246);
#113=LINE('',#2342,#247);
#114=LINE('',#2344,#248);
#115=LINE('',#2346,#249);
#116=LINE('',#2348,#250);
#117=LINE('',#2350,#251);
#118=LINE('',#2353,#252);
#119=LINE('',#2354,#253);
#120=LINE('',#2356,#254);
#121=LINE('',#2358,#255);
#122=LINE('',#2360,#256);
#123=LINE('',#2362,#257);
#124=LINE('',#2364,#258);
#125=LINE('',#2366,#259);
#126=LINE('',#2369,#260);
#127=LINE('',#2370,#261);
#128=LINE('',#2372,#262);
#129=LINE('',#2374,#263);
#130=LINE('',#2376,#264);
#131=LINE('',#2378,#265);
#132=LINE('',#2380,#266);
#133=LINE('',#2382,#267);
#134=LINE('',#2385,#268);
#135=LINE('',#2386,#269);
#136=LINE('',#2388,#270);
#137=LINE('',#2390,#271);
#138=LINE('',#2392,#272);
#139=LINE('',#2394,#273);
#140=LINE('',#2396,#274);
#141=LINE('',#2398,#275);
#142=LINE('',#2401,#276);
#143=LINE('',#2402,#277);
#144=LINE('',#2404,#278);
#145=LINE('',#2406,#279);
#146=LINE('',#2408,#280);
#147=LINE('',#2410,#281);
#148=LINE('',#2412,#282);
#149=LINE('',#2414,#283);
#150=VECTOR('',#1593,1.45);
#151=VECTOR('',#1598,2.5);
#152=VECTOR('',#1605,3.4);
#153=VECTOR('',#1612,3.4);
#154=VECTOR('',#1617,10.);
#155=VECTOR('',#1620,10.);
#156=VECTOR('',#1621,10.);
#157=VECTOR('',#1624,10.);
#158=VECTOR('',#1629,10.);
#159=VECTOR('',#1630,10.);
#160=VECTOR('',#1631,10.);
#161=VECTOR('',#1634,10.);
#162=VECTOR('',#1635,10.);
#163=VECTOR('',#1638,10.);
#164=VECTOR('',#1639,10.);
#165=VECTOR('',#1640,10.);
#166=VECTOR('',#1645,10.);
#167=VECTOR('',#1648,10.);
#168=VECTOR('',#1651,10.);
#169=VECTOR('',#1652,10.);
#170=VECTOR('',#1653,10.);
#171=VECTOR('',#1654,10.);
#172=VECTOR('',#1659,10.);
#173=VECTOR('',#1662,10.);
#174=VECTOR('',#1665,10.);
#175=VECTOR('',#1668,10.);
#176=VECTOR('',#1671,10.);
#177=VECTOR('',#1674,10.);
#178=VECTOR('',#1677,10.);
#179=VECTOR('',#1680,10.);
#180=VECTOR('',#1683,10.);
#181=VECTOR('',#1686,10.);
#182=VECTOR('',#1689,10.);
#183=VECTOR('',#1692,10.);
#184=VECTOR('',#1695,10.);
#185=VECTOR('',#1698,10.);
#186=VECTOR('',#1701,10.);
#187=VECTOR('',#1704,10.);
#188=VECTOR('',#1707,10.);
#189=VECTOR('',#1710,10.);
#190=VECTOR('',#1713,10.);
#191=VECTOR('',#1716,10.);
#192=VECTOR('',#1719,10.);
#193=VECTOR('',#1722,10.);
#194=VECTOR('',#1725,10.);
#195=VECTOR('',#1728,10.);
#196=VECTOR('',#1731,10.);
#197=VECTOR('',#1734,10.);
#198=VECTOR('',#1737,10.);
#199=VECTOR('',#1740,10.);
#200=VECTOR('',#1743,10.);
#201=VECTOR('',#1746,10.);
#202=VECTOR('',#1747,10.);
#203=VECTOR('',#1750,10.);
#204=VECTOR('',#1753,10.);
#205=VECTOR('',#1754,10.);
#206=VECTOR('',#1757,10.);
#207=VECTOR('',#1760,10.);
#208=VECTOR('',#1763,10.);
#209=VECTOR('',#1766,10.);
#210=VECTOR('',#1769,10.);
#211=VECTOR('',#1772,10.);
#212=VECTOR('',#1775,10.);
#213=VECTOR('',#1778,10.);
#214=VECTOR('',#1781,10.);
#215=VECTOR('',#1784,10.);
#216=VECTOR('',#1787,10.);
#217=VECTOR('',#1790,10.);
#218=VECTOR('',#1793,10.);
#219=VECTOR('',#1796,10.);
#220=VECTOR('',#1799,10.);
#221=VECTOR('',#1802,10.);
#222=VECTOR('',#1805,10.);
#223=VECTOR('',#1808,10.);
#224=VECTOR('',#1811,10.);
#225=VECTOR('',#1814,10.);
#226=VECTOR('',#1817,10.);
#227=VECTOR('',#1820,10.);
#228=VECTOR('',#1823,10.);
#229=VECTOR('',#1826,10.);
#230=VECTOR('',#1829,10.);
#231=VECTOR('',#1832,10.);
#232=VECTOR('',#1835,10.);
#233=VECTOR('',#1840,10.);
#234=VECTOR('',#1845,1.45);
#235=VECTOR('',#1848,10.);
#236=VECTOR('',#1857,10.);
#237=VECTOR('',#1858,10.);
#238=VECTOR('',#1861,10.);
#239=VECTOR('',#1864,10.);
#240=VECTOR('',#1867,10.);
#241=VECTOR('',#1870,10.);
#242=VECTOR('',#1873,10.);
#243=VECTOR('',#1876,10.);
#244=VECTOR('',#1881,10.);
#245=VECTOR('',#1882,10.);
#246=VECTOR('',#1885,10.);
#247=VECTOR('',#1888,10.);
#248=VECTOR('',#1891,10.);
#249=VECTOR('',#1894,10.);
#250=VECTOR('',#1897,10.);
#251=VECTOR('',#1900,10.);
#252=VECTOR('',#1905,10.);
#253=VECTOR('',#1906,10.);
#254=VECTOR('',#1909,10.);
#255=VECTOR('',#1912,10.);
#256=VECTOR('',#1915,10.);
#257=VECTOR('',#1918,10.);
#258=VECTOR('',#1921,10.);
#259=VECTOR('',#1924,10.);
#260=VECTOR('',#1929,10.);
#261=VECTOR('',#1930,10.);
#262=VECTOR('',#1933,10.);
#263=VECTOR('',#1936,10.);
#264=VECTOR('',#1939,10.);
#265=VECTOR('',#1942,10.);
#266=VECTOR('',#1945,10.);
#267=VECTOR('',#1948,10.);
#268=VECTOR('',#1953,10.);
#269=VECTOR('',#1954,10.);
#270=VECTOR('',#1957,10.);
#271=VECTOR('',#1960,10.);
#272=VECTOR('',#1963,10.);
#273=VECTOR('',#1966,10.);
#274=VECTOR('',#1969,10.);
#275=VECTOR('',#1972,10.);
#276=VECTOR('',#1977,10.);
#277=VECTOR('',#1978,10.);
#278=VECTOR('',#1981,10.);
#279=VECTOR('',#1984,10.);
#280=VECTOR('',#1987,10.);
#281=VECTOR('',#1990,10.);
#282=VECTOR('',#1993,10.);
#283=VECTOR('',#1996,10.);
#284=ELLIPSE('',#1444,1.47236858723433,1.45);
#285=ELLIPSE('',#1446,2.53856652971436,2.5);
#286=ELLIPSE('',#1455,2.03085322377149,2.);
#287=ELLIPSE('',#1459,2.03085322377149,2.);
#288=ELLIPSE('',#1498,2.38625253793151,2.35000000000001);
#289=ELLIPSE('',#1528,1.47236858723433,1.45);
#290=CYLINDRICAL_SURFACE('',#1443,1.45);
#291=CYLINDRICAL_SURFACE('',#1445,2.5);
#292=CYLINDRICAL_SURFACE('',#1448,3.4);
#293=CYLINDRICAL_SURFACE('',#1451,3.4);
#294=CYLINDRICAL_SURFACE('',#1461,2.);
#295=CYLINDRICAL_SURFACE('',#1493,2.);
#296=CYLINDRICAL_SURFACE('',#1523,2.);
#297=CYLINDRICAL_SURFACE('',#1525,2.);
#298=CYLINDRICAL_SURFACE('',#1527,1.45);
#299=CYLINDRICAL_SURFACE('',#1530,2.35);
#300=CYLINDRICAL_SURFACE('',#1534,0.499999999999998);
#301=CYLINDRICAL_SURFACE('',#1536,0.499999999999996);
#302=CYLINDRICAL_SURFACE('',#1538,0.499999999999998);
#303=CYLINDRICAL_SURFACE('',#1540,0.499999999999998);
#304=CYLINDRICAL_SURFACE('',#1542,0.499999999999998);
#305=CYLINDRICAL_SURFACE('',#1544,0.500000000000003);
#306=CYLINDRICAL_SURFACE('',#1546,0.499999999999989);
#307=CYLINDRICAL_SURFACE('',#1548,0.499999999999996);
#308=CYLINDRICAL_SURFACE('',#1550,0.499999999999989);
#309=CYLINDRICAL_SURFACE('',#1552,0.499999999999996);
#310=CYLINDRICAL_SURFACE('',#1554,0.500000000000007);
#311=CYLINDRICAL_SURFACE('',#1556,0.499999999999998);
#312=CYLINDRICAL_SURFACE('',#1558,0.499999999999998);
#313=CYLINDRICAL_SURFACE('',#1560,0.500000000000003);
#314=CYLINDRICAL_SURFACE('',#1562,0.499999999999998);
#315=CYLINDRICAL_SURFACE('',#1564,0.499999999999996);
#316=CYLINDRICAL_SURFACE('',#1566,0.499999999999998);
#317=CYLINDRICAL_SURFACE('',#1568,0.499999999999994);
#318=CYLINDRICAL_SURFACE('',#1570,0.499999999999989);
#319=CYLINDRICAL_SURFACE('',#1572,0.499999999999998);
#320=CYLINDRICAL_SURFACE('',#1574,0.499999999999989);
#321=CYLINDRICAL_SURFACE('',#1576,0.500000000000003);
#322=CYLINDRICAL_SURFACE('',#1578,0.500000000000007);
#323=CYLINDRICAL_SURFACE('',#1580,0.499999999999996);
#324=FACE_BOUND('',#417,.T.);
#325=FACE_BOUND('',#424,.T.);
#326=FACE_BOUND('',#431,.T.);
#327=FACE_BOUND('',#432,.T.);
#328=FACE_BOUND('',#433,.T.);
#329=FACE_BOUND('',#434,.T.);
#330=FACE_BOUND('',#435,.T.);
#331=FACE_BOUND('',#436,.T.);
#332=FACE_BOUND('',#437,.T.);
#333=FACE_BOUND('',#438,.T.);
#334=FACE_BOUND('',#442,.T.);
#335=FACE_BOUND('',#443,.T.);
#336=FACE_BOUND('',#444,.T.);
#337=FACE_BOUND('',#445,.T.);
#338=FACE_BOUND('',#446,.T.);
#339=FACE_BOUND('',#447,.T.);
#340=FACE_BOUND('',#448,.T.);
#341=FACE_BOUND('',#449,.T.);
#342=FACE_BOUND('',#450,.T.);
#343=FACE_OUTER_BOUND('',#416,.T.);
#344=FACE_OUTER_BOUND('',#418,.T.);
#345=FACE_OUTER_BOUND('',#419,.T.);
#346=FACE_OUTER_BOUND('',#420,.T.);
#347=FACE_OUTER_BOUND('',#421,.T.);
#348=FACE_OUTER_BOUND('',#422,.T.);
#349=FACE_OUTER_BOUND('',#423,.T.);
#350=FACE_OUTER_BOUND('',#425,.T.);
#351=FACE_OUTER_BOUND('',#426,.T.);
#352=FACE_OUTER_BOUND('',#427,.T.);
#353=FACE_OUTER_BOUND('',#428,.T.);
#354=FACE_OUTER_BOUND('',#429,.T.);
#355=FACE_OUTER_BOUND('',#430,.T.);
#356=FACE_OUTER_BOUND('',#439,.T.);
#357=FACE_OUTER_BOUND('',#440,.T.);
#358=FACE_OUTER_BOUND('',#441,.T.);
#359=FACE_OUTER_BOUND('',#451,.T.);
#360=FACE_OUTER_BOUND('',#452,.T.);
#361=FACE_OUTER_BOUND('',#453,.T.);
#362=FACE_OUTER_BOUND('',#454,.T.);
#363=FACE_OUTER_BOUND('',#455,.T.);
#364=FACE_OUTER_BOUND('',#456,.T.);
#365=FACE_OUTER_BOUND('',#457,.T.);
#366=FACE_OUTER_BOUND('',#458,.T.);
#367=FACE_OUTER_BOUND('',#459,.T.);
#368=FACE_OUTER_BOUND('',#460,.T.);
#369=FACE_OUTER_BOUND('',#461,.T.);
#370=FACE_OUTER_BOUND('',#462,.T.);
#371=FACE_OUTER_BOUND('',#463,.T.);
#372=FACE_OUTER_BOUND('',#464,.T.);
#373=FACE_OUTER_BOUND('',#465,.T.);
#374=FACE_OUTER_BOUND('',#466,.T.);
#375=FACE_OUTER_BOUND('',#467,.T.);
#376=FACE_OUTER_BOUND('',#468,.T.);
#377=FACE_OUTER_BOUND('',#469,.T.);
#378=FACE_OUTER_BOUND('',#470,.T.);
#379=FACE_OUTER_BOUND('',#471,.T.);
#380=FACE_OUTER_BOUND('',#472,.T.);
#381=FACE_OUTER_BOUND('',#473,.T.);
#382=FACE_OUTER_BOUND('',#474,.T.);
#383=FACE_OUTER_BOUND('',#475,.T.);
#384=FACE_OUTER_BOUND('',#476,.T.);
#385=FACE_OUTER_BOUND('',#477,.T.);
#386=FACE_OUTER_BOUND('',#478,.T.);
#387=FACE_OUTER_BOUND('',#479,.T.);
#388=FACE_OUTER_BOUND('',#480,.T.);
#389=FACE_OUTER_BOUND('',#481,.T.);
#390=FACE_OUTER_BOUND('',#482,.T.);
#391=FACE_OUTER_BOUND('',#483,.T.);
#392=FACE_OUTER_BOUND('',#484,.T.);
#393=FACE_OUTER_BOUND('',#485,.T.);
#394=FACE_OUTER_BOUND('',#486,.T.);
#395=FACE_OUTER_BOUND('',#487,.T.);
#396=FACE_OUTER_BOUND('',#488,.T.);
#397=FACE_OUTER_BOUND('',#489,.T.);
#398=FACE_OUTER_BOUND('',#490,.T.);
#399=FACE_OUTER_BOUND('',#491,.T.);
#400=FACE_OUTER_BOUND('',#492,.T.);
#401=FACE_OUTER_BOUND('',#493,.T.);
#402=FACE_OUTER_BOUND('',#494,.T.);
#403=FACE_OUTER_BOUND('',#495,.T.);
#404=FACE_OUTER_BOUND('',#496,.T.);
#405=FACE_OUTER_BOUND('',#497,.T.);
#406=FACE_OUTER_BOUND('',#498,.T.);
#407=FACE_OUTER_BOUND('',#499,.T.);
#408=FACE_OUTER_BOUND('',#500,.T.);
#409=FACE_OUTER_BOUND('',#501,.T.);
#410=FACE_OUTER_BOUND('',#502,.T.);
#411=FACE_OUTER_BOUND('',#503,.T.);
#412=FACE_OUTER_BOUND('',#504,.T.);
#413=FACE_OUTER_BOUND('',#505,.T.);
#414=FACE_OUTER_BOUND('',#506,.T.);
#415=FACE_OUTER_BOUND('',#507,.T.);
#416=EDGE_LOOP('',(#909));
#417=EDGE_LOOP('',(#910));
#418=EDGE_LOOP('',(#911,#912,#913,#914));
#419=EDGE_LOOP('',(#915,#916,#917,#918));
#420=EDGE_LOOP('',(#919));
#421=EDGE_LOOP('',(#920,#921,#922,#923));
#422=EDGE_LOOP('',(#924,#925,#926,#927));
#423=EDGE_LOOP('',(#928,#929,#930,#931,#932,#933));
#424=EDGE_LOOP('',(#934));
#425=EDGE_LOOP('',(#935,#936,#937));
#426=EDGE_LOOP('',(#938,#939,#940,#941));
#427=EDGE_LOOP('',(#942,#943,#944,#945,#946,#947));
#428=EDGE_LOOP('',(#948,#949,#950,#951));
#429=EDGE_LOOP('',(#952,#953,#954,#955,#956,#957,#958));
#430=EDGE_LOOP('',(#959,#960,#961,#962,#963,#964,#965,#966));
#431=EDGE_LOOP('',(#967,#968,#969,#970,#971,#972,#973,#974));
#432=EDGE_LOOP('',(#975,#976,#977,#978,#979,#980,#981,#982));
#433=EDGE_LOOP('',(#983,#984,#985,#986,#987,#988,#989,#990));
#434=EDGE_LOOP('',(#991,#992,#993,#994,#995,#996,#997,#998));
#435=EDGE_LOOP('',(#999,#1000,#1001,#1002,#1003,#1004,#1005,#1006));
#436=EDGE_LOOP('',(#1007,#1008,#1009,#1010,#1011,#1012,#1013,#1014));
#437=EDGE_LOOP('',(#1015));
#438=EDGE_LOOP('',(#1016));
#439=EDGE_LOOP('',(#1017,#1018,#1019,#1020));
#440=EDGE_LOOP('',(#1021,#1022,#1023,#1024));
#441=EDGE_LOOP('',(#1025,#1026,#1027,#1028,#1029,#1030,#1031,#1032,#1033,
#1034,#1035,#1036));
#442=EDGE_LOOP('',(#1037,#1038,#1039,#1040,#1041,#1042,#1043,#1044));
#443=EDGE_LOOP('',(#1045,#1046,#1047,#1048,#1049,#1050,#1051,#1052));
#444=EDGE_LOOP('',(#1053,#1054,#1055,#1056,#1057,#1058,#1059,#1060));
#445=EDGE_LOOP('',(#1061,#1062,#1063,#1064,#1065,#1066,#1067,#1068));
#446=EDGE_LOOP('',(#1069,#1070,#1071,#1072,#1073,#1074,#1075,#1076));
#447=EDGE_LOOP('',(#1077,#1078,#1079,#1080,#1081,#1082,#1083,#1084));
#448=EDGE_LOOP('',(#1085));
#449=EDGE_LOOP('',(#1086));
#450=EDGE_LOOP('',(#1087));
#451=EDGE_LOOP('',(#1088,#1089,#1090,#1091));
#452=EDGE_LOOP('',(#1092,#1093,#1094,#1095,#1096,#1097));
#453=EDGE_LOOP('',(#1098,#1099,#1100,#1101));
#454=EDGE_LOOP('',(#1102,#1103,#1104,#1105));
#455=EDGE_LOOP('',(#1106,#1107,#1108,#1109));
#456=EDGE_LOOP('',(#1110,#1111,#1112,#1113));
#457=EDGE_LOOP('',(#1114,#1115,#1116,#1117));
#458=EDGE_LOOP('',(#1118));
#459=EDGE_LOOP('',(#1119,#1120,#1121,#1122));
#460=EDGE_LOOP('',(#1123,#1124,#1125,#1126));
#461=EDGE_LOOP('',(#1127,#1128,#1129,#1130));
#462=EDGE_LOOP('',(#1131,#1132,#1133,#1134));
#463=EDGE_LOOP('',(#1135,#1136,#1137,#1138));
#464=EDGE_LOOP('',(#1139,#1140,#1141,#1142));
#465=EDGE_LOOP('',(#1143,#1144,#1145,#1146));
#466=EDGE_LOOP('',(#1147,#1148,#1149,#1150));
#467=EDGE_LOOP('',(#1151,#1152,#1153,#1154));
#468=EDGE_LOOP('',(#1155,#1156,#1157,#1158));
#469=EDGE_LOOP('',(#1159,#1160,#1161,#1162));
#470=EDGE_LOOP('',(#1163,#1164,#1165,#1166));
#471=EDGE_LOOP('',(#1167,#1168,#1169,#1170));
#472=EDGE_LOOP('',(#1171,#1172,#1173,#1174));
#473=EDGE_LOOP('',(#1175,#1176,#1177,#1178));
#474=EDGE_LOOP('',(#1179,#1180,#1181,#1182));
#475=EDGE_LOOP('',(#1183,#1184,#1185,#1186));
#476=EDGE_LOOP('',(#1187,#1188,#1189,#1190));
#477=EDGE_LOOP('',(#1191,#1192,#1193,#1194));
#478=EDGE_LOOP('',(#1195,#1196,#1197,#1198));
#479=EDGE_LOOP('',(#1199,#1200,#1201,#1202));
#480=EDGE_LOOP('',(#1203,#1204,#1205,#1206));
#481=EDGE_LOOP('',(#1207,#1208,#1209,#1210));
#482=EDGE_LOOP('',(#1211,#1212,#1213,#1214));
#483=EDGE_LOOP('',(#1215,#1216,#1217,#1218));
#484=EDGE_LOOP('',(#1219,#1220,#1221,#1222));
#485=EDGE_LOOP('',(#1223,#1224,#1225,#1226));
#486=EDGE_LOOP('',(#1227,#1228,#1229,#1230));
#487=EDGE_LOOP('',(#1231,#1232,#1233,#1234));
#488=EDGE_LOOP('',(#1235,#1236,#1237,#1238));
#489=EDGE_LOOP('',(#1239,#1240,#1241,#1242));
#490=EDGE_LOOP('',(#1243,#1244,#1245,#1246));
#491=EDGE_LOOP('',(#1247,#1248,#1249,#1250));
#492=EDGE_LOOP('',(#1251,#1252,#1253,#1254));
#493=EDGE_LOOP('',(#1255,#1256,#1257,#1258));
#494=EDGE_LOOP('',(#1259,#1260,#1261,#1262));
#495=EDGE_LOOP('',(#1263,#1264,#1265,#1266));
#496=EDGE_LOOP('',(#1267,#1268,#1269,#1270));
#497=EDGE_LOOP('',(#1271,#1272,#1273,#1274));
#498=EDGE_LOOP('',(#1275,#1276,#1277,#1278));
#499=EDGE_LOOP('',(#1279,#1280,#1281,#1282));
#500=EDGE_LOOP('',(#1283,#1284,#1285,#1286));
#501=EDGE_LOOP('',(#1287,#1288,#1289,#1290));
#502=EDGE_LOOP('',(#1291,#1292,#1293,#1294));
#503=EDGE_LOOP('',(#1295,#1296,#1297,#1298));
#504=EDGE_LOOP('',(#1299,#1300,#1301,#1302));
#505=EDGE_LOOP('',(#1303,#1304,#1305,#1306));
#506=EDGE_LOOP('',(#1307,#1308,#1309,#1310));
#507=EDGE_LOOP('',(#1311,#1312,#1313,#1314));
#508=CIRCLE('',#1441,2.5);
#509=CIRCLE('',#1442,1.45);
#510=CIRCLE('',#1449,3.4);
#511=CIRCLE('',#1450,3.4);
#512=CIRCLE('',#1452,3.4);
#513=CIRCLE('',#1453,3.4);
#514=CIRCLE('',#1456,2.35);
#515=CIRCLE('',#1457,1.45);
#516=CIRCLE('',#1462,2.);
#517=CIRCLE('',#1463,2.);
#518=CIRCLE('',#1466,2.);
#519=CIRCLE('',#1467,2.);
#520=CIRCLE('',#1468,2.);
#521=CIRCLE('',#1469,0.499999999999996);
#522=CIRCLE('',#1470,0.499999999999989);
#523=CIRCLE('',#1471,0.500000000000003);
#524=CIRCLE('',#1472,0.500000000000007);
#525=CIRCLE('',#1473,0.499999999999998);
#526=CIRCLE('',#1474,0.499999999999998);
#527=CIRCLE('',#1475,0.499999999999994);
#528=CIRCLE('',#1476,0.499999999999989);
#529=CIRCLE('',#1477,0.499999999999996);
#530=CIRCLE('',#1478,0.499999999999998);
#531=CIRCLE('',#1479,0.500000000000003);
#532=CIRCLE('',#1480,0.499999999999998);
#533=CIRCLE('',#1481,0.499999999999998);
#534=CIRCLE('',#1482,0.499999999999989);
#535=CIRCLE('',#1483,0.499999999999996);
#536=CIRCLE('',#1484,0.500000000000007);
#537=CIRCLE('',#1485,0.499999999999996);
#538=CIRCLE('',#1486,0.499999999999998);
#539=CIRCLE('',#1487,0.500000000000003);
#540=CIRCLE('',#1488,0.499999999999989);
#541=CIRCLE('',#1489,0.499999999999998);
#542=CIRCLE('',#1490,0.499999999999998);
#543=CIRCLE('',#1491,0.499999999999996);
#544=CIRCLE('',#1492,0.499999999999998);
#545=CIRCLE('',#1494,2.);
#546=CIRCLE('',#1497,2.);
#547=CIRCLE('',#1499,0.499999999999998);
#548=CIRCLE('',#1500,0.499999999999998);
#549=CIRCLE('',#1501,0.499999999999996);
#550=CIRCLE('',#1502,0.499999999999998);
#551=CIRCLE('',#1503,0.499999999999996);
#552=CIRCLE('',#1504,0.499999999999989);
#553=CIRCLE('',#1505,0.500000000000003);
#554=CIRCLE('',#1506,0.499999999999998);
#555=CIRCLE('',#1507,0.499999999999998);
#556=CIRCLE('',#1508,0.500000000000007);
#557=CIRCLE('',#1509,0.499999999999996);
#558=CIRCLE('',#1510,0.499999999999989);
#559=CIRCLE('',#1511,0.499999999999996);
#560=CIRCLE('',#1512,0.499999999999998);
#561=CIRCLE('',#1513,0.500000000000003);
#562=CIRCLE('',#1514,0.499999999999998);
#563=CIRCLE('',#1515,0.499999999999998);
#564=CIRCLE('',#1516,0.499999999999989);
#565=CIRCLE('',#1517,0.499999999999994);
#566=CIRCLE('',#1518,0.499999999999998);
#567=CIRCLE('',#1519,0.499999999999996);
#568=CIRCLE('',#1520,0.500000000000007);
#569=CIRCLE('',#1521,0.500000000000003);
#570=CIRCLE('',#1522,0.499999999999989);
#571=VERTEX_POINT('',#2001);
#572=VERTEX_POINT('',#2003);
#573=VERTEX_POINT('',#2006);
#574=VERTEX_POINT('',#2010);
#575=VERTEX_POINT('',#2015);
#576=VERTEX_POINT('',#2017);
#577=VERTEX_POINT('',#2021);
#578=VERTEX_POINT('',#2023);
#579=VERTEX_POINT('',#2027);
#580=VERTEX_POINT('',#2028);
#581=VERTEX_POINT('',#2030);
#582=VERTEX_POINT('',#2032);
#583=VERTEX_POINT('',#2034);
#584=VERTEX_POINT('',#2036);
#585=VERTEX_POINT('',#2039);
#586=VERTEX_POINT('',#2042);
#587=VERTEX_POINT('',#2043);
#588=VERTEX_POINT('',#2045);
#589=VERTEX_POINT('',#2054);
#590=VERTEX_POINT('',#2055);
#591=VERTEX_POINT('',#2061);
#592=VERTEX_POINT('',#2065);
#593=VERTEX_POINT('',#2066);
#594=VERTEX_POINT('',#2068);
#595=VERTEX_POINT('',#2070);
#596=VERTEX_POINT('',#2074);
#597=VERTEX_POINT('',#2077);
#598=VERTEX_POINT('',#2081);
#599=VERTEX_POINT('',#2083);
#600=VERTEX_POINT('',#2085);
#601=VERTEX_POINT('',#2087);
#602=VERTEX_POINT('',#2089);
#603=VERTEX_POINT('',#2092);
#604=VERTEX_POINT('',#2093);
#605=VERTEX_POINT('',#2095);
#606=VERTEX_POINT('',#2097);
#607=VERTEX_POINT('',#2099);
#608=VERTEX_POINT('',#2101);
#609=VERTEX_POINT('',#2103);
#610=VERTEX_POINT('',#2105);
#611=VERTEX_POINT('',#2108);
#612=VERTEX_POINT('',#2109);
#613=VERTEX_POINT('',#2111);
#614=VERTEX_POINT('',#2113);
#615=VERTEX_POINT('',#2115);
#616=VERTEX_POINT('',#2117);
#617=VERTEX_POINT('',#2119);
#618=VERTEX_POINT('',#2121);
#619=VERTEX_POINT('',#2124);
#620=VERTEX_POINT('',#2125);
#621=VERTEX_POINT('',#2127);
#622=VERTEX_POINT('',#2129);
#623=VERTEX_POINT('',#2131);
#624=VERTEX_POINT('',#2133);
#625=VERTEX_POINT('',#2135);
#626=VERTEX_POINT('',#2137);
#627=VERTEX_POINT('',#2140);
#628=VERTEX_POINT('',#2141);
#629=VERTEX_POINT('',#2143);
#630=VERTEX_POINT('',#2145);
#631=VERTEX_POINT('',#2147);
#632=VERTEX_POINT('',#2149);
#633=VERTEX_POINT('',#2151);
#634=VERTEX_POINT('',#2153);
#635=VERTEX_POINT('',#2156);
#636=VERTEX_POINT('',#2157);
#637=VERTEX_POINT('',#2159);
#638=VERTEX_POINT('',#2161);
#639=VERTEX_POINT('',#2163);
#640=VERTEX_POINT('',#2165);
#641=VERTEX_POINT('',#2167);
#642=VERTEX_POINT('',#2169);
#643=VERTEX_POINT('',#2172);
#644=VERTEX_POINT('',#2173);
#645=VERTEX_POINT('',#2175);
#646=VERTEX_POINT('',#2177);
#647=VERTEX_POINT('',#2179);
#648=VERTEX_POINT('',#2181);
#649=VERTEX_POINT('',#2183);
#650=VERTEX_POINT('',#2185);
#651=VERTEX_POINT('',#2189);
#652=VERTEX_POINT('',#2191);
#653=VERTEX_POINT('',#2195);
#654=VERTEX_POINT('',#2200);
#655=VERTEX_POINT('',#2203);
#656=VERTEX_POINT('',#2205);
#657=VERTEX_POINT('',#2208);
#658=VERTEX_POINT('',#2209);
#659=VERTEX_POINT('',#2211);
#660=VERTEX_POINT('',#2213);
#661=VERTEX_POINT('',#2215);
#662=VERTEX_POINT('',#2217);
#663=VERTEX_POINT('',#2219);
#664=VERTEX_POINT('',#2221);
#665=VERTEX_POINT('',#2224);
#666=VERTEX_POINT('',#2225);
#667=VERTEX_POINT('',#2227);
#668=VERTEX_POINT('',#2229);
#669=VERTEX_POINT('',#2231);
#670=VERTEX_POINT('',#2233);
#671=VERTEX_POINT('',#2235);
#672=VERTEX_POINT('',#2237);
#673=VERTEX_POINT('',#2240);
#674=VERTEX_POINT('',#2241);
#675=VERTEX_POINT('',#2243);
#676=VERTEX_POINT('',#2245);
#677=VERTEX_POINT('',#2247);
#678=VERTEX_POINT('',#2249);
#679=VERTEX_POINT('',#2251);
#680=VERTEX_POINT('',#2253);
#681=VERTEX_POINT('',#2256);
#682=VERTEX_POINT('',#2257);
#683=VERTEX_POINT('',#2259);
#684=VERTEX_POINT('',#2261);
#685=VERTEX_POINT('',#2263);
#686=VERTEX_POINT('',#2265);
#687=VERTEX_POINT('',#2267);
#688=VERTEX_POINT('',#2269);
#689=VERTEX_POINT('',#2272);
#690=VERTEX_POINT('',#2273);
#691=VERTEX_POINT('',#2275);
#692=VERTEX_POINT('',#2277);
#693=VERTEX_POINT('',#2279);
#694=VERTEX_POINT('',#2281);
#695=VERTEX_POINT('',#2283);
#696=VERTEX_POINT('',#2285);
#697=VERTEX_POINT('',#2288);
#698=VERTEX_POINT('',#2289);
#699=VERTEX_POINT('',#2291);
#700=VERTEX_POINT('',#2293);
#701=VERTEX_POINT('',#2295);
#702=VERTEX_POINT('',#2297);
#703=VERTEX_POINT('',#2299);
#704=VERTEX_POINT('',#2301);
#705=VERTEX_POINT('',#2312);
#706=EDGE_CURVE('',#571,#571,#508,.T.);
#707=EDGE_CURVE('',#572,#572,#509,.T.);
#708=EDGE_CURVE('',#573,#573,#284,.T.);
#709=EDGE_CURVE('',#573,#572,#16,.T.);
#710=EDGE_CURVE('',#574,#574,#285,.T.);
#711=EDGE_CURVE('',#574,#571,#17,.T.);
#712=EDGE_CURVE('',#575,#575,#510,.T.);
#713=EDGE_CURVE('',#575,#576,#18,.T.);
#714=EDGE_CURVE('',#576,#576,#511,.T.);
#715=EDGE_CURVE('',#577,#577,#512,.T.);
#716=EDGE_CURVE('',#577,#578,#19,.T.);
#717=EDGE_CURVE('',#578,#578,#513,.T.);
#718=EDGE_CURVE('',#579,#580,#20,.T.);
#719=EDGE_CURVE('',#581,#579,#286,.T.);
#720=EDGE_CURVE('',#582,#581,#21,.T.);
#721=EDGE_CURVE('',#583,#582,#22,.F.);
#722=EDGE_CURVE('',#584,#583,#514,.F.);
#723=EDGE_CURVE('',#580,#584,#23,.F.);
#724=EDGE_CURVE('',#585,#585,#515,.T.);
#725=EDGE_CURVE('',#586,#587,#24,.T.);
#726=EDGE_CURVE('',#587,#588,#25,.T.);
#727=EDGE_CURVE('',#588,#586,#26,.T.);
#728=EDGE_CURVE('',#589,#590,#287,.F.);
#729=EDGE_CURVE('',#581,#590,#27,.T.);
#730=EDGE_CURVE('',#589,#579,#28,.T.);
#731=EDGE_CURVE('',#587,#589,#29,.T.);
#732=EDGE_CURVE('',#580,#591,#30,.T.);
#733=EDGE_CURVE('',#591,#588,#31,.T.);
#734=EDGE_CURVE('',#592,#593,#516,.T.);
#735=EDGE_CURVE('',#594,#592,#32,.T.);
#736=EDGE_CURVE('',#595,#594,#517,.T.);
#737=EDGE_CURVE('',#593,#595,#33,.T.);
#738=EDGE_CURVE('',#590,#596,#34,.T.);
#739=EDGE_CURVE('',#596,#594,#35,.T.);
#740=EDGE_CURVE('',#592,#597,#36,.T.);
#741=EDGE_CURVE('',#597,#582,#37,.T.);
#742=EDGE_CURVE('',#596,#598,#518,.T.);
#743=EDGE_CURVE('',#599,#598,#38,.T.);
#744=EDGE_CURVE('',#599,#600,#519,.T.);
#745=EDGE_CURVE('',#601,#600,#39,.T.);
#746=EDGE_CURVE('',#601,#602,#520,.T.);
#747=EDGE_CURVE('',#595,#602,#40,.T.);
#748=EDGE_CURVE('',#603,#604,#521,.T.);
#749=EDGE_CURVE('',#605,#603,#41,.T.);
#750=EDGE_CURVE('',#606,#605,#522,.T.);
#751=EDGE_CURVE('',#607,#606,#42,.T.);
#752=EDGE_CURVE('',#608,#607,#523,.T.);
#753=EDGE_CURVE('',#609,#608,#43,.T.);
#754=EDGE_CURVE('',#610,#609,#524,.T.);
#755=EDGE_CURVE('',#604,#610,#44,.T.);
#756=EDGE_CURVE('',#611,#612,#525,.T.);
#757=EDGE_CURVE('',#613,#611,#45,.T.);
#758=EDGE_CURVE('',#614,#613,#526,.T.);
#759=EDGE_CURVE('',#615,#614,#46,.T.);
#760=EDGE_CURVE('',#616,#615,#527,.T.);
#761=EDGE_CURVE('',#617,#616,#47,.T.);
#762=EDGE_CURVE('',#618,#617,#528,.T.);
#763=EDGE_CURVE('',#612,#618,#48,.T.);
#764=EDGE_CURVE('',#619,#620,#529,.T.);
#765=EDGE_CURVE('',#621,#619,#49,.T.);
#766=EDGE_CURVE('',#622,#621,#530,.T.);
#767=EDGE_CURVE('',#623,#622,#50,.T.);
#768=EDGE_CURVE('',#624,#623,#531,.T.);
#769=EDGE_CURVE('',#625,#624,#51,.T.);
#770=EDGE_CURVE('',#626,#625,#532,.T.);
#771=EDGE_CURVE('',#620,#626,#52,.T.);
#772=EDGE_CURVE('',#627,#628,#533,.T.);
#773=EDGE_CURVE('',#629,#627,#53,.T.);
#774=EDGE_CURVE('',#630,#629,#534,.T.);
#775=EDGE_CURVE('',#631,#630,#54,.T.);
#776=EDGE_CURVE('',#632,#631,#535,.T.);
#777=EDGE_CURVE('',#633,#632,#55,.T.);
#778=EDGE_CURVE('',#634,#633,#536,.T.);
#779=EDGE_CURVE('',#628,#634,#56,.T.);
#780=EDGE_CURVE('',#635,#636,#537,.T.);
#781=EDGE_CURVE('',#637,#635,#57,.T.);
#782=EDGE_CURVE('',#638,#637,#538,.T.);
#783=EDGE_CURVE('',#639,#638,#58,.T.);
#784=EDGE_CURVE('',#640,#639,#539,.T.);
#785=EDGE_CURVE('',#641,#640,#59,.T.);
#786=EDGE_CURVE('',#642,#641,#540,.T.);
#787=EDGE_CURVE('',#636,#642,#60,.T.);
#788=EDGE_CURVE('',#643,#644,#541,.T.);
#789=EDGE_CURVE('',#645,#643,#61,.T.);
#790=EDGE_CURVE('',#646,#645,#542,.T.);
#791=EDGE_CURVE('',#647,#646,#62,.T.);
#792=EDGE_CURVE('',#648,#647,#543,.T.);
#793=EDGE_CURVE('',#649,#648,#63,.T.);
#794=EDGE_CURVE('',#650,#649,#544,.T.);
#795=EDGE_CURVE('',#644,#650,#64,.T.);
#796=EDGE_CURVE('',#651,#601,#65,.T.);
#797=EDGE_CURVE('',#652,#651,#545,.T.);
#798=EDGE_CURVE('',#602,#652,#66,.T.);
#799=EDGE_CURVE('',#600,#653,#67,.T.);
#800=EDGE_CURVE('',#653,#651,#68,.T.);
#801=EDGE_CURVE('',#652,#593,#69,.T.);
#802=EDGE_CURVE('',#653,#654,#546,.T.);
#803=EDGE_CURVE('',#586,#654,#70,.T.);
#804=EDGE_CURVE('',#655,#591,#71,.F.);
#805=EDGE_CURVE('',#656,#655,#288,.F.);
#806=EDGE_CURVE('',#597,#656,#72,.F.);
#807=EDGE_CURVE('',#657,#658,#547,.T.);
#808=EDGE_CURVE('',#658,#659,#73,.T.);
#809=EDGE_CURVE('',#659,#660,#548,.T.);
#810=EDGE_CURVE('',#660,#661,#74,.T.);
#811=EDGE_CURVE('',#661,#662,#549,.T.);
#812=EDGE_CURVE('',#662,#663,#75,.T.);
#813=EDGE_CURVE('',#663,#664,#550,.T.);
#814=EDGE_CURVE('',#664,#657,#76,.T.);
#815=EDGE_CURVE('',#665,#666,#551,.T.);
#816=EDGE_CURVE('',#666,#667,#77,.T.);
#817=EDGE_CURVE('',#667,#668,#552,.T.);
#818=EDGE_CURVE('',#668,#669,#78,.T.);
#819=EDGE_CURVE('',#669,#670,#553,.T.);
#820=EDGE_CURVE('',#670,#671,#79,.T.);
#821=EDGE_CURVE('',#671,#672,#554,.T.);
#822=EDGE_CURVE('',#672,#665,#80,.T.);
#823=EDGE_CURVE('',#673,#674,#555,.T.);
#824=EDGE_CURVE('',#674,#675,#81,.T.);
#825=EDGE_CURVE('',#675,#676,#556,.T.);
#826=EDGE_CURVE('',#676,#677,#82,.T.);
#827=EDGE_CURVE('',#677,#678,#557,.T.);
#828=EDGE_CURVE('',#678,#679,#83,.T.);
#829=EDGE_CURVE('',#679,#680,#558,.T.);
#830=EDGE_CURVE('',#680,#673,#84,.T.);
#831=EDGE_CURVE('',#681,#682,#559,.T.);
#832=EDGE_CURVE('',#682,#683,#85,.T.);
#833=EDGE_CURVE('',#683,#684,#560,.T.);
#834=EDGE_CURVE('',#684,#685,#86,.T.);
#835=EDGE_CURVE('',#685,#686,#561,.T.);
#836=EDGE_CURVE('',#686,#687,#87,.T.);
#837=EDGE_CURVE('',#687,#688,#562,.T.);
#838=EDGE_CURVE('',#688,#681,#88,.T.);
#839=EDGE_CURVE('',#689,#690,#563,.T.);
#840=EDGE_CURVE('',#690,#691,#89,.T.);
#841=EDGE_CURVE('',#691,#692,#564,.T.);
#842=EDGE_CURVE('',#692,#693,#90,.T.);
#843=EDGE_CURVE('',#693,#694,#565,.T.);
#844=EDGE_CURVE('',#694,#695,#91,.T.);
#845=EDGE_CURVE('',#695,#696,#566,.T.);
#846=EDGE_CURVE('',#696,#689,#92,.T.);
#847=EDGE_CURVE('',#697,#698,#567,.T.);
#848=EDGE_CURVE('',#698,#699,#93,.T.);
#849=EDGE_CURVE('',#699,#700,#568,.T.);
#850=EDGE_CURVE('',#700,#701,#94,.T.);
#851=EDGE_CURVE('',#701,#702,#569,.T.);
#852=EDGE_CURVE('',#702,#703,#95,.T.);
#853=EDGE_CURVE('',#703,#704,#570,.T.);
#854=EDGE_CURVE('',#704,#697,#96,.T.);
#855=EDGE_CURVE('',#654,#599,#97,.T.);
#856=EDGE_CURVE('',#598,#589,#98,.T.);
#857=EDGE_CURVE('',#583,#656,#99,.T.);
#858=EDGE_CURVE('',#705,#705,#289,.T.);
#859=EDGE_CURVE('',#705,#585,#100,.T.);
#860=EDGE_CURVE('',#584,#655,#101,.T.);
#861=EDGE_CURVE('',#664,#645,#102,.T.);
#862=EDGE_CURVE('',#657,#643,#103,.T.);
#863=EDGE_CURVE('',#663,#646,#104,.T.);
#864=EDGE_CURVE('',#662,#647,#105,.T.);
#865=EDGE_CURVE('',#661,#648,#106,.T.);
#866=EDGE_CURVE('',#660,#649,#107,.T.);
#867=EDGE_CURVE('',#659,#650,#108,.T.);
#868=EDGE_CURVE('',#658,#644,#109,.T.);
#869=EDGE_CURVE('',#672,#637,#110,.T.);
#870=EDGE_CURVE('',#665,#635,#111,.T.);
#871=EDGE_CURVE('',#671,#638,#112,.T.);
#872=EDGE_CURVE('',#670,#639,#113,.T.);
#873=EDGE_CURVE('',#669,#640,#114,.T.);
#874=EDGE_CURVE('',#668,#641,#115,.T.);
#875=EDGE_CURVE('',#667,#642,#116,.T.);
#876=EDGE_CURVE('',#666,#636,#117,.T.);
#877=EDGE_CURVE('',#680,#629,#118,.T.);
#878=EDGE_CURVE('',#673,#627,#119,.T.);
#879=EDGE_CURVE('',#679,#630,#120,.T.);
#880=EDGE_CURVE('',#678,#631,#121,.T.);
#881=EDGE_CURVE('',#677,#632,#122,.T.);
#882=EDGE_CURVE('',#676,#633,#123,.T.);
#883=EDGE_CURVE('',#675,#634,#124,.T.);
#884=EDGE_CURVE('',#674,#628,#125,.T.);
#885=EDGE_CURVE('',#688,#621,#126,.T.);
#886=EDGE_CURVE('',#681,#619,#127,.T.);
#887=EDGE_CURVE('',#687,#622,#128,.T.);
#888=EDGE_CURVE('',#686,#623,#129,.T.);
#889=EDGE_CURVE('',#685,#624,#130,.T.);
#890=EDGE_CURVE('',#684,#625,#131,.T.);
#891=EDGE_CURVE('',#683,#626,#132,.T.);
#892=EDGE_CURVE('',#682,#620,#133,.T.);
#893=EDGE_CURVE('',#696,#613,#134,.T.);
#894=EDGE_CURVE('',#689,#611,#135,.T.);
#895=EDGE_CURVE('',#695,#614,#136,.T.);
#896=EDGE_CURVE('',#694,#615,#137,.T.);
#897=EDGE_CURVE('',#693,#616,#138,.T.);
#898=EDGE_CURVE('',#692,#617,#139,.T.);
#899=EDGE_CURVE('',#691,#618,#140,.T.);
#900=EDGE_CURVE('',#690,#612,#141,.T.);
#901=EDGE_CURVE('',#704,#605,#142,.T.);
#902=EDGE_CURVE('',#697,#603,#143,.T.);
#903=EDGE_CURVE('',#703,#606,#144,.T.);
#904=EDGE_CURVE('',#702,#607,#145,.T.);
#905=EDGE_CURVE('',#701,#608,#146,.T.);
#906=EDGE_CURVE('',#700,#609,#147,.T.);
#907=EDGE_CURVE('',#699,#610,#148,.T.);
#908=EDGE_CURVE('',#698,#604,#149,.T.);
#909=ORIENTED_EDGE('',*,*,#706,.T.);
#910=ORIENTED_EDGE('',*,*,#707,.T.);
#911=ORIENTED_EDGE('',*,*,#708,.F.);
#912=ORIENTED_EDGE('',*,*,#709,.T.);
#913=ORIENTED_EDGE('',*,*,#707,.F.);
#914=ORIENTED_EDGE('',*,*,#709,.F.);
#915=ORIENTED_EDGE('',*,*,#710,.F.);
#916=ORIENTED_EDGE('',*,*,#711,.T.);
#917=ORIENTED_EDGE('',*,*,#706,.F.);
#918=ORIENTED_EDGE('',*,*,#711,.F.);
#919=ORIENTED_EDGE('',*,*,#708,.T.);
#920=ORIENTED_EDGE('',*,*,#712,.T.);
#921=ORIENTED_EDGE('',*,*,#713,.T.);
#922=ORIENTED_EDGE('',*,*,#714,.F.);
#923=ORIENTED_EDGE('',*,*,#713,.F.);
#924=ORIENTED_EDGE('',*,*,#715,.T.);
#925=ORIENTED_EDGE('',*,*,#716,.T.);
#926=ORIENTED_EDGE('',*,*,#717,.F.);
#927=ORIENTED_EDGE('',*,*,#716,.F.);
#928=ORIENTED_EDGE('',*,*,#718,.F.);
#929=ORIENTED_EDGE('',*,*,#719,.F.);
#930=ORIENTED_EDGE('',*,*,#720,.F.);
#931=ORIENTED_EDGE('',*,*,#721,.F.);
#932=ORIENTED_EDGE('',*,*,#722,.F.);
#933=ORIENTED_EDGE('',*,*,#723,.F.);
#934=ORIENTED_EDGE('',*,*,#724,.F.);
#935=ORIENTED_EDGE('',*,*,#725,.T.);
#936=ORIENTED_EDGE('',*,*,#726,.T.);
#937=ORIENTED_EDGE('',*,*,#727,.T.);
#938=ORIENTED_EDGE('',*,*,#728,.T.);
#939=ORIENTED_EDGE('',*,*,#729,.F.);
#940=ORIENTED_EDGE('',*,*,#719,.T.);
#941=ORIENTED_EDGE('',*,*,#730,.F.);
#942=ORIENTED_EDGE('',*,*,#731,.T.);
#943=ORIENTED_EDGE('',*,*,#730,.T.);
#944=ORIENTED_EDGE('',*,*,#718,.T.);
#945=ORIENTED_EDGE('',*,*,#732,.T.);
#946=ORIENTED_EDGE('',*,*,#733,.T.);
#947=ORIENTED_EDGE('',*,*,#726,.F.);
#948=ORIENTED_EDGE('',*,*,#734,.F.);
#949=ORIENTED_EDGE('',*,*,#735,.F.);
#950=ORIENTED_EDGE('',*,*,#736,.F.);
#951=ORIENTED_EDGE('',*,*,#737,.F.);
#952=ORIENTED_EDGE('',*,*,#729,.T.);
#953=ORIENTED_EDGE('',*,*,#738,.T.);
#954=ORIENTED_EDGE('',*,*,#739,.T.);
#955=ORIENTED_EDGE('',*,*,#735,.T.);
#956=ORIENTED_EDGE('',*,*,#740,.T.);
#957=ORIENTED_EDGE('',*,*,#741,.T.);
#958=ORIENTED_EDGE('',*,*,#720,.T.);
#959=ORIENTED_EDGE('',*,*,#736,.T.);
#960=ORIENTED_EDGE('',*,*,#739,.F.);
#961=ORIENTED_EDGE('',*,*,#742,.T.);
#962=ORIENTED_EDGE('',*,*,#743,.F.);
#963=ORIENTED_EDGE('',*,*,#744,.T.);
#964=ORIENTED_EDGE('',*,*,#745,.F.);
#965=ORIENTED_EDGE('',*,*,#746,.T.);
#966=ORIENTED_EDGE('',*,*,#747,.F.);
#967=ORIENTED_EDGE('',*,*,#748,.F.);
#968=ORIENTED_EDGE('',*,*,#749,.F.);
#969=ORIENTED_EDGE('',*,*,#750,.F.);
#970=ORIENTED_EDGE('',*,*,#751,.F.);
#971=ORIENTED_EDGE('',*,*,#752,.F.);
#972=ORIENTED_EDGE('',*,*,#753,.F.);
#973=ORIENTED_EDGE('',*,*,#754,.F.);
#974=ORIENTED_EDGE('',*,*,#755,.F.);
#975=ORIENTED_EDGE('',*,*,#756,.F.);
#976=ORIENTED_EDGE('',*,*,#757,.F.);
#977=ORIENTED_EDGE('',*,*,#758,.F.);
#978=ORIENTED_EDGE('',*,*,#759,.F.);
#979=ORIENTED_EDGE('',*,*,#760,.F.);
#980=ORIENTED_EDGE('',*,*,#761,.F.);
#981=ORIENTED_EDGE('',*,*,#762,.F.);
#982=ORIENTED_EDGE('',*,*,#763,.F.);
#983=ORIENTED_EDGE('',*,*,#764,.F.);
#984=ORIENTED_EDGE('',*,*,#765,.F.);
#985=ORIENTED_EDGE('',*,*,#766,.F.);
#986=ORIENTED_EDGE('',*,*,#767,.F.);
#987=ORIENTED_EDGE('',*,*,#768,.F.);
#988=ORIENTED_EDGE('',*,*,#769,.F.);
#989=ORIENTED_EDGE('',*,*,#770,.F.);
#990=ORIENTED_EDGE('',*,*,#771,.F.);
#991=ORIENTED_EDGE('',*,*,#772,.F.);
#992=ORIENTED_EDGE('',*,*,#773,.F.);
#993=ORIENTED_EDGE('',*,*,#774,.F.);
#994=ORIENTED_EDGE('',*,*,#775,.F.);
#995=ORIENTED_EDGE('',*,*,#776,.F.);
#996=ORIENTED_EDGE('',*,*,#777,.F.);
#997=ORIENTED_EDGE('',*,*,#778,.F.);
#998=ORIENTED_EDGE('',*,*,#779,.F.);
#999=ORIENTED_EDGE('',*,*,#780,.F.);
#1000=ORIENTED_EDGE('',*,*,#781,.F.);
#1001=ORIENTED_EDGE('',*,*,#782,.F.);
#1002=ORIENTED_EDGE('',*,*,#783,.F.);
#1003=ORIENTED_EDGE('',*,*,#784,.F.);
#1004=ORIENTED_EDGE('',*,*,#785,.F.);
#1005=ORIENTED_EDGE('',*,*,#786,.F.);
#1006=ORIENTED_EDGE('',*,*,#787,.F.);
#1007=ORIENTED_EDGE('',*,*,#788,.F.);
#1008=ORIENTED_EDGE('',*,*,#789,.F.);
#1009=ORIENTED_EDGE('',*,*,#790,.F.);
#1010=ORIENTED_EDGE('',*,*,#791,.F.);
#1011=ORIENTED_EDGE('',*,*,#792,.F.);
#1012=ORIENTED_EDGE('',*,*,#793,.F.);
#1013=ORIENTED_EDGE('',*,*,#794,.F.);
#1014=ORIENTED_EDGE('',*,*,#795,.F.);
#1015=ORIENTED_EDGE('',*,*,#717,.T.);
#1016=ORIENTED_EDGE('',*,*,#714,.T.);
#1017=ORIENTED_EDGE('',*,*,#746,.F.);
#1018=ORIENTED_EDGE('',*,*,#796,.F.);
#1019=ORIENTED_EDGE('',*,*,#797,.F.);
#1020=ORIENTED_EDGE('',*,*,#798,.F.);
#1021=ORIENTED_EDGE('',*,*,#796,.T.);
#1022=ORIENTED_EDGE('',*,*,#745,.T.);
#1023=ORIENTED_EDGE('',*,*,#799,.T.);
#1024=ORIENTED_EDGE('',*,*,#800,.T.);
#1025=ORIENTED_EDGE('',*,*,#734,.T.);
#1026=ORIENTED_EDGE('',*,*,#801,.F.);
#1027=ORIENTED_EDGE('',*,*,#797,.T.);
#1028=ORIENTED_EDGE('',*,*,#800,.F.);
#1029=ORIENTED_EDGE('',*,*,#802,.T.);
#1030=ORIENTED_EDGE('',*,*,#803,.F.);
#1031=ORIENTED_EDGE('',*,*,#727,.F.);
#1032=ORIENTED_EDGE('',*,*,#733,.F.);
#1033=ORIENTED_EDGE('',*,*,#804,.F.);
#1034=ORIENTED_EDGE('',*,*,#805,.F.);
#1035=ORIENTED_EDGE('',*,*,#806,.F.);
#1036=ORIENTED_EDGE('',*,*,#740,.F.);
#1037=ORIENTED_EDGE('',*,*,#807,.T.);
#1038=ORIENTED_EDGE('',*,*,#808,.T.);
#1039=ORIENTED_EDGE('',*,*,#809,.T.);
#1040=ORIENTED_EDGE('',*,*,#810,.T.);
#1041=ORIENTED_EDGE('',*,*,#811,.T.);
#1042=ORIENTED_EDGE('',*,*,#812,.T.);
#1043=ORIENTED_EDGE('',*,*,#813,.T.);
#1044=ORIENTED_EDGE('',*,*,#814,.T.);
#1045=ORIENTED_EDGE('',*,*,#815,.T.);
#1046=ORIENTED_EDGE('',*,*,#816,.T.);
#1047=ORIENTED_EDGE('',*,*,#817,.T.);
#1048=ORIENTED_EDGE('',*,*,#818,.T.);
#1049=ORIENTED_EDGE('',*,*,#819,.T.);
#1050=ORIENTED_EDGE('',*,*,#820,.T.);
#1051=ORIENTED_EDGE('',*,*,#821,.T.);
#1052=ORIENTED_EDGE('',*,*,#822,.T.);
#1053=ORIENTED_EDGE('',*,*,#823,.T.);
#1054=ORIENTED_EDGE('',*,*,#824,.T.);
#1055=ORIENTED_EDGE('',*,*,#825,.T.);
#1056=ORIENTED_EDGE('',*,*,#826,.T.);
#1057=ORIENTED_EDGE('',*,*,#827,.T.);
#1058=ORIENTED_EDGE('',*,*,#828,.T.);
#1059=ORIENTED_EDGE('',*,*,#829,.T.);
#1060=ORIENTED_EDGE('',*,*,#830,.T.);
#1061=ORIENTED_EDGE('',*,*,#831,.T.);
#1062=ORIENTED_EDGE('',*,*,#832,.T.);
#1063=ORIENTED_EDGE('',*,*,#833,.T.);
#1064=ORIENTED_EDGE('',*,*,#834,.T.);
#1065=ORIENTED_EDGE('',*,*,#835,.T.);
#1066=ORIENTED_EDGE('',*,*,#836,.T.);
#1067=ORIENTED_EDGE('',*,*,#837,.T.);
#1068=ORIENTED_EDGE('',*,*,#838,.T.);
#1069=ORIENTED_EDGE('',*,*,#839,.T.);
#1070=ORIENTED_EDGE('',*,*,#840,.T.);
#1071=ORIENTED_EDGE('',*,*,#841,.T.);
#1072=ORIENTED_EDGE('',*,*,#842,.T.);
#1073=ORIENTED_EDGE('',*,*,#843,.T.);
#1074=ORIENTED_EDGE('',*,*,#844,.T.);
#1075=ORIENTED_EDGE('',*,*,#845,.T.);
#1076=ORIENTED_EDGE('',*,*,#846,.T.);
#1077=ORIENTED_EDGE('',*,*,#847,.T.);
#1078=ORIENTED_EDGE('',*,*,#848,.T.);
#1079=ORIENTED_EDGE('',*,*,#849,.T.);
#1080=ORIENTED_EDGE('',*,*,#850,.T.);
#1081=ORIENTED_EDGE('',*,*,#851,.T.);
#1082=ORIENTED_EDGE('',*,*,#852,.T.);
#1083=ORIENTED_EDGE('',*,*,#853,.T.);
#1084=ORIENTED_EDGE('',*,*,#854,.T.);
#1085=ORIENTED_EDGE('',*,*,#712,.F.);
#1086=ORIENTED_EDGE('',*,*,#715,.F.);
#1087=ORIENTED_EDGE('',*,*,#710,.T.);
#1088=ORIENTED_EDGE('',*,*,#802,.F.);
#1089=ORIENTED_EDGE('',*,*,#799,.F.);
#1090=ORIENTED_EDGE('',*,*,#744,.F.);
#1091=ORIENTED_EDGE('',*,*,#855,.F.);
#1092=ORIENTED_EDGE('',*,*,#855,.T.);
#1093=ORIENTED_EDGE('',*,*,#743,.T.);
#1094=ORIENTED_EDGE('',*,*,#856,.T.);
#1095=ORIENTED_EDGE('',*,*,#731,.F.);
#1096=ORIENTED_EDGE('',*,*,#725,.F.);
#1097=ORIENTED_EDGE('',*,*,#803,.T.);
#1098=ORIENTED_EDGE('',*,*,#742,.F.);
#1099=ORIENTED_EDGE('',*,*,#738,.F.);
#1100=ORIENTED_EDGE('',*,*,#728,.F.);
#1101=ORIENTED_EDGE('',*,*,#856,.F.);
#1102=ORIENTED_EDGE('',*,*,#806,.T.);
#1103=ORIENTED_EDGE('',*,*,#857,.F.);
#1104=ORIENTED_EDGE('',*,*,#721,.T.);
#1105=ORIENTED_EDGE('',*,*,#741,.F.);
#1106=ORIENTED_EDGE('',*,*,#858,.T.);
#1107=ORIENTED_EDGE('',*,*,#859,.T.);
#1108=ORIENTED_EDGE('',*,*,#724,.T.);
#1109=ORIENTED_EDGE('',*,*,#859,.F.);
#1110=ORIENTED_EDGE('',*,*,#723,.T.);
#1111=ORIENTED_EDGE('',*,*,#860,.T.);
#1112=ORIENTED_EDGE('',*,*,#804,.T.);
#1113=ORIENTED_EDGE('',*,*,#732,.F.);
#1114=ORIENTED_EDGE('',*,*,#805,.T.);
#1115=ORIENTED_EDGE('',*,*,#860,.F.);
#1116=ORIENTED_EDGE('',*,*,#722,.T.);
#1117=ORIENTED_EDGE('',*,*,#857,.T.);
#1118=ORIENTED_EDGE('',*,*,#858,.F.);
#1119=ORIENTED_EDGE('',*,*,#737,.T.);
#1120=ORIENTED_EDGE('',*,*,#747,.T.);
#1121=ORIENTED_EDGE('',*,*,#798,.T.);
#1122=ORIENTED_EDGE('',*,*,#801,.T.);
#1123=ORIENTED_EDGE('',*,*,#814,.F.);
#1124=ORIENTED_EDGE('',*,*,#861,.T.);
#1125=ORIENTED_EDGE('',*,*,#789,.T.);
#1126=ORIENTED_EDGE('',*,*,#862,.F.);
#1127=ORIENTED_EDGE('',*,*,#813,.F.);
#1128=ORIENTED_EDGE('',*,*,#863,.T.);
#1129=ORIENTED_EDGE('',*,*,#790,.T.);
#1130=ORIENTED_EDGE('',*,*,#861,.F.);
#1131=ORIENTED_EDGE('',*,*,#812,.F.);
#1132=ORIENTED_EDGE('',*,*,#864,.T.);
#1133=ORIENTED_EDGE('',*,*,#791,.T.);
#1134=ORIENTED_EDGE('',*,*,#863,.F.);
#1135=ORIENTED_EDGE('',*,*,#811,.F.);
#1136=ORIENTED_EDGE('',*,*,#865,.T.);
#1137=ORIENTED_EDGE('',*,*,#792,.T.);
#1138=ORIENTED_EDGE('',*,*,#864,.F.);
#1139=ORIENTED_EDGE('',*,*,#810,.F.);
#1140=ORIENTED_EDGE('',*,*,#866,.T.);
#1141=ORIENTED_EDGE('',*,*,#793,.T.);
#1142=ORIENTED_EDGE('',*,*,#865,.F.);
#1143=ORIENTED_EDGE('',*,*,#809,.F.);
#1144=ORIENTED_EDGE('',*,*,#867,.T.);
#1145=ORIENTED_EDGE('',*,*,#794,.T.);
#1146=ORIENTED_EDGE('',*,*,#866,.F.);
#1147=ORIENTED_EDGE('',*,*,#808,.F.);
#1148=ORIENTED_EDGE('',*,*,#868,.T.);
#1149=ORIENTED_EDGE('',*,*,#795,.T.);
#1150=ORIENTED_EDGE('',*,*,#867,.F.);
#1151=ORIENTED_EDGE('',*,*,#807,.F.);
#1152=ORIENTED_EDGE('',*,*,#862,.T.);
#1153=ORIENTED_EDGE('',*,*,#788,.T.);
#1154=ORIENTED_EDGE('',*,*,#868,.F.);
#1155=ORIENTED_EDGE('',*,*,#822,.F.);
#1156=ORIENTED_EDGE('',*,*,#869,.T.);
#1157=ORIENTED_EDGE('',*,*,#781,.T.);
#1158=ORIENTED_EDGE('',*,*,#870,.F.);
#1159=ORIENTED_EDGE('',*,*,#821,.F.);
#1160=ORIENTED_EDGE('',*,*,#871,.T.);
#1161=ORIENTED_EDGE('',*,*,#782,.T.);
#1162=ORIENTED_EDGE('',*,*,#869,.F.);
#1163=ORIENTED_EDGE('',*,*,#820,.F.);
#1164=ORIENTED_EDGE('',*,*,#872,.T.);
#1165=ORIENTED_EDGE('',*,*,#783,.T.);
#1166=ORIENTED_EDGE('',*,*,#871,.F.);
#1167=ORIENTED_EDGE('',*,*,#819,.F.);
#1168=ORIENTED_EDGE('',*,*,#873,.T.);
#1169=ORIENTED_EDGE('',*,*,#784,.T.);
#1170=ORIENTED_EDGE('',*,*,#872,.F.);
#1171=ORIENTED_EDGE('',*,*,#818,.F.);
#1172=ORIENTED_EDGE('',*,*,#874,.T.);
#1173=ORIENTED_EDGE('',*,*,#785,.T.);
#1174=ORIENTED_EDGE('',*,*,#873,.F.);
#1175=ORIENTED_EDGE('',*,*,#817,.F.);
#1176=ORIENTED_EDGE('',*,*,#875,.T.);
#1177=ORIENTED_EDGE('',*,*,#786,.T.);
#1178=ORIENTED_EDGE('',*,*,#874,.F.);
#1179=ORIENTED_EDGE('',*,*,#816,.F.);
#1180=ORIENTED_EDGE('',*,*,#876,.T.);
#1181=ORIENTED_EDGE('',*,*,#787,.T.);
#1182=ORIENTED_EDGE('',*,*,#875,.F.);
#1183=ORIENTED_EDGE('',*,*,#815,.F.);
#1184=ORIENTED_EDGE('',*,*,#870,.T.);
#1185=ORIENTED_EDGE('',*,*,#780,.T.);
#1186=ORIENTED_EDGE('',*,*,#876,.F.);
#1187=ORIENTED_EDGE('',*,*,#830,.F.);
#1188=ORIENTED_EDGE('',*,*,#877,.T.);
#1189=ORIENTED_EDGE('',*,*,#773,.T.);
#1190=ORIENTED_EDGE('',*,*,#878,.F.);
#1191=ORIENTED_EDGE('',*,*,#829,.F.);
#1192=ORIENTED_EDGE('',*,*,#879,.T.);
#1193=ORIENTED_EDGE('',*,*,#774,.T.);
#1194=ORIENTED_EDGE('',*,*,#877,.F.);
#1195=ORIENTED_EDGE('',*,*,#828,.F.);
#1196=ORIENTED_EDGE('',*,*,#880,.T.);
#1197=ORIENTED_EDGE('',*,*,#775,.T.);
#1198=ORIENTED_EDGE('',*,*,#879,.F.);
#1199=ORIENTED_EDGE('',*,*,#827,.F.);
#1200=ORIENTED_EDGE('',*,*,#881,.T.);
#1201=ORIENTED_EDGE('',*,*,#776,.T.);
#1202=ORIENTED_EDGE('',*,*,#880,.F.);
#1203=ORIENTED_EDGE('',*,*,#826,.F.);
#1204=ORIENTED_EDGE('',*,*,#882,.T.);
#1205=ORIENTED_EDGE('',*,*,#777,.T.);
#1206=ORIENTED_EDGE('',*,*,#881,.F.);
#1207=ORIENTED_EDGE('',*,*,#825,.F.);
#1208=ORIENTED_EDGE('',*,*,#883,.T.);
#1209=ORIENTED_EDGE('',*,*,#778,.T.);
#1210=ORIENTED_EDGE('',*,*,#882,.F.);
#1211=ORIENTED_EDGE('',*,*,#824,.F.);
#1212=ORIENTED_EDGE('',*,*,#884,.T.);
#1213=ORIENTED_EDGE('',*,*,#779,.T.);
#1214=ORIENTED_EDGE('',*,*,#883,.F.);
#1215=ORIENTED_EDGE('',*,*,#823,.F.);
#1216=ORIENTED_EDGE('',*,*,#878,.T.);
#1217=ORIENTED_EDGE('',*,*,#772,.T.);
#1218=ORIENTED_EDGE('',*,*,#884,.F.);
#1219=ORIENTED_EDGE('',*,*,#838,.F.);
#1220=ORIENTED_EDGE('',*,*,#885,.T.);
#1221=ORIENTED_EDGE('',*,*,#765,.T.);
#1222=ORIENTED_EDGE('',*,*,#886,.F.);
#1223=ORIENTED_EDGE('',*,*,#837,.F.);
#1224=ORIENTED_EDGE('',*,*,#887,.T.);
#1225=ORIENTED_EDGE('',*,*,#766,.T.);
#1226=ORIENTED_EDGE('',*,*,#885,.F.);
#1227=ORIENTED_EDGE('',*,*,#836,.F.);
#1228=ORIENTED_EDGE('',*,*,#888,.T.);
#1229=ORIENTED_EDGE('',*,*,#767,.T.);
#1230=ORIENTED_EDGE('',*,*,#887,.F.);
#1231=ORIENTED_EDGE('',*,*,#835,.F.);
#1232=ORIENTED_EDGE('',*,*,#889,.T.);
#1233=ORIENTED_EDGE('',*,*,#768,.T.);
#1234=ORIENTED_EDGE('',*,*,#888,.F.);
#1235=ORIENTED_EDGE('',*,*,#834,.F.);
#1236=ORIENTED_EDGE('',*,*,#890,.T.);
#1237=ORIENTED_EDGE('',*,*,#769,.T.);
#1238=ORIENTED_EDGE('',*,*,#889,.F.);
#1239=ORIENTED_EDGE('',*,*,#833,.F.);
#1240=ORIENTED_EDGE('',*,*,#891,.T.);
#1241=ORIENTED_EDGE('',*,*,#770,.T.);
#1242=ORIENTED_EDGE('',*,*,#890,.F.);
#1243=ORIENTED_EDGE('',*,*,#832,.F.);
#1244=ORIENTED_EDGE('',*,*,#892,.T.);
#1245=ORIENTED_EDGE('',*,*,#771,.T.);
#1246=ORIENTED_EDGE('',*,*,#891,.F.);
#1247=ORIENTED_EDGE('',*,*,#831,.F.);
#1248=ORIENTED_EDGE('',*,*,#886,.T.);
#1249=ORIENTED_EDGE('',*,*,#764,.T.);
#1250=ORIENTED_EDGE('',*,*,#892,.F.);
#1251=ORIENTED_EDGE('',*,*,#846,.F.);
#1252=ORIENTED_EDGE('',*,*,#893,.T.);
#1253=ORIENTED_EDGE('',*,*,#757,.T.);
#1254=ORIENTED_EDGE('',*,*,#894,.F.);
#1255=ORIENTED_EDGE('',*,*,#845,.F.);
#1256=ORIENTED_EDGE('',*,*,#895,.T.);
#1257=ORIENTED_EDGE('',*,*,#758,.T.);
#1258=ORIENTED_EDGE('',*,*,#893,.F.);
#1259=ORIENTED_EDGE('',*,*,#844,.F.);
#1260=ORIENTED_EDGE('',*,*,#896,.T.);
#1261=ORIENTED_EDGE('',*,*,#759,.T.);
#1262=ORIENTED_EDGE('',*,*,#895,.F.);
#1263=ORIENTED_EDGE('',*,*,#843,.F.);
#1264=ORIENTED_EDGE('',*,*,#897,.T.);
#1265=ORIENTED_EDGE('',*,*,#760,.T.);
#1266=ORIENTED_EDGE('',*,*,#896,.F.);
#1267=ORIENTED_EDGE('',*,*,#842,.F.);
#1268=ORIENTED_EDGE('',*,*,#898,.T.);
#1269=ORIENTED_EDGE('',*,*,#761,.T.);
#1270=ORIENTED_EDGE('',*,*,#897,.F.);
#1271=ORIENTED_EDGE('',*,*,#841,.F.);
#1272=ORIENTED_EDGE('',*,*,#899,.T.);
#1273=ORIENTED_EDGE('',*,*,#762,.T.);
#1274=ORIENTED_EDGE('',*,*,#898,.F.);
#1275=ORIENTED_EDGE('',*,*,#840,.F.);
#1276=ORIENTED_EDGE('',*,*,#900,.T.);
#1277=ORIENTED_EDGE('',*,*,#763,.T.);
#1278=ORIENTED_EDGE('',*,*,#899,.F.);
#1279=ORIENTED_EDGE('',*,*,#839,.F.);
#1280=ORIENTED_EDGE('',*,*,#894,.T.);
#1281=ORIENTED_EDGE('',*,*,#756,.T.);
#1282=ORIENTED_EDGE('',*,*,#900,.F.);
#1283=ORIENTED_EDGE('',*,*,#854,.F.);
#1284=ORIENTED_EDGE('',*,*,#901,.T.);
#1285=ORIENTED_EDGE('',*,*,#749,.T.);
#1286=ORIENTED_EDGE('',*,*,#902,.F.);
#1287=ORIENTED_EDGE('',*,*,#853,.F.);
#1288=ORIENTED_EDGE('',*,*,#903,.T.);
#1289=ORIENTED_EDGE('',*,*,#750,.T.);
#1290=ORIENTED_EDGE('',*,*,#901,.F.);
#1291=ORIENTED_EDGE('',*,*,#852,.F.);
#1292=ORIENTED_EDGE('',*,*,#904,.T.);
#1293=ORIENTED_EDGE('',*,*,#751,.T.);
#1294=ORIENTED_EDGE('',*,*,#903,.F.);
#1295=ORIENTED_EDGE('',*,*,#851,.F.);
#1296=ORIENTED_EDGE('',*,*,#905,.T.);
#1297=ORIENTED_EDGE('',*,*,#752,.T.);
#1298=ORIENTED_EDGE('',*,*,#904,.F.);
#1299=ORIENTED_EDGE('',*,*,#850,.F.);
#1300=ORIENTED_EDGE('',*,*,#906,.T.);
#1301=ORIENTED_EDGE('',*,*,#753,.T.);
#1302=ORIENTED_EDGE('',*,*,#905,.F.);
#1303=ORIENTED_EDGE('',*,*,#849,.F.);
#1304=ORIENTED_EDGE('',*,*,#907,.T.);
#1305=ORIENTED_EDGE('',*,*,#754,.T.);
#1306=ORIENTED_EDGE('',*,*,#906,.F.);
#1307=ORIENTED_EDGE('',*,*,#848,.F.);
#1308=ORIENTED_EDGE('',*,*,#908,.T.);
#1309=ORIENTED_EDGE('',*,*,#755,.T.);
#1310=ORIENTED_EDGE('',*,*,#907,.F.);
#1311=ORIENTED_EDGE('',*,*,#847,.F.);
#1312=ORIENTED_EDGE('',*,*,#902,.T.);
#1313=ORIENTED_EDGE('',*,*,#748,.T.);
#1314=ORIENTED_EDGE('',*,*,#908,.F.);
#1315=PLANE('',#1440);
#1316=PLANE('',#1447);
#1317=PLANE('',#1454);
#1318=PLANE('',#1458);
#1319=PLANE('',#1460);
#1320=PLANE('',#1464);
#1321=PLANE('',#1465);
#1322=PLANE('',#1495);
#1323=PLANE('',#1496);
#1324=PLANE('',#1524);
#1325=PLANE('',#1526);
#1326=PLANE('',#1529);
#1327=PLANE('',#1531);
#1328=PLANE('',#1532);
#1329=PLANE('',#1533);
#1330=PLANE('',#1535);
#1331=PLANE('',#1537);
#1332=PLANE('',#1539);
#1333=PLANE('',#1541);
#1334=PLANE('',#1543);
#1335=PLANE('',#1545);
#1336=PLANE('',#1547);
#1337=PLANE('',#1549);
#1338=PLANE('',#1551);
#1339=PLANE('',#1553);
#1340=PLANE('',#1555);
#1341=PLANE('',#1557);
#1342=PLANE('',#1559);
#1343=PLANE('',#1561);
#1344=PLANE('',#1563);
#1345=PLANE('',#1565);
#1346=PLANE('',#1567);
#1347=PLANE('',#1569);
#1348=PLANE('',#1571);
#1349=PLANE('',#1573);
#1350=PLANE('',#1575);
#1351=PLANE('',#1577);
#1352=PLANE('',#1579);
#1353=ADVANCED_FACE('',(#343,#324),#1315,.F.);
#1354=ADVANCED_FACE('',(#344),#290,.F.);
#1355=ADVANCED_FACE('',(#345),#291,.T.);
#1356=ADVANCED_FACE('',(#346),#1316,.F.);
#1357=ADVANCED_FACE('',(#347),#292,.F.);
#1358=ADVANCED_FACE('',(#348),#293,.F.);
#1359=ADVANCED_FACE('',(#349,#325),#1317,.T.);
#1360=ADVANCED_FACE('',(#350),#1318,.T.);
#1361=ADVANCED_FACE('',(#351),#15,.T.);
#1362=ADVANCED_FACE('',(#352),#1319,.T.);
#1363=ADVANCED_FACE('',(#353),#294,.T.);
#1364=ADVANCED_FACE('',(#354),#1320,.T.);
#1365=ADVANCED_FACE('',(#355,#326,#327,#328,#329,#330,#331,#332,#333),#1321,
 .F.);
#1366=ADVANCED_FACE('',(#356),#295,.T.);
#1367=ADVANCED_FACE('',(#357),#1322,.T.);
#1368=ADVANCED_FACE('',(#358,#334,#335,#336,#337,#338,#339,#340,#341,#342),
#1323,.F.);
#1369=ADVANCED_FACE('',(#359),#296,.T.);
#1370=ADVANCED_FACE('',(#360),#1324,.T.);
#1371=ADVANCED_FACE('',(#361),#297,.T.);
#1372=ADVANCED_FACE('',(#362),#1325,.F.);
#1373=ADVANCED_FACE('',(#363),#298,.F.);
#1374=ADVANCED_FACE('',(#364),#1326,.F.);
#1375=ADVANCED_FACE('',(#365),#299,.T.);
#1376=ADVANCED_FACE('',(#366),#1327,.F.);
#1377=ADVANCED_FACE('',(#367),#1328,.T.);
#1378=ADVANCED_FACE('',(#368),#1329,.F.);
#1379=ADVANCED_FACE('',(#369),#300,.F.);
#1380=ADVANCED_FACE('',(#370),#1330,.F.);
#1381=ADVANCED_FACE('',(#371),#301,.F.);
#1382=ADVANCED_FACE('',(#372),#1331,.F.);
#1383=ADVANCED_FACE('',(#373),#302,.F.);
#1384=ADVANCED_FACE('',(#374),#1332,.F.);
#1385=ADVANCED_FACE('',(#375),#303,.F.);
#1386=ADVANCED_FACE('',(#376),#1333,.F.);
#1387=ADVANCED_FACE('',(#377),#304,.F.);
#1388=ADVANCED_FACE('',(#378),#1334,.F.);
#1389=ADVANCED_FACE('',(#379),#305,.F.);
#1390=ADVANCED_FACE('',(#380),#1335,.F.);
#1391=ADVANCED_FACE('',(#381),#306,.F.);
#1392=ADVANCED_FACE('',(#382),#1336,.F.);
#1393=ADVANCED_FACE('',(#383),#307,.F.);
#1394=ADVANCED_FACE('',(#384),#1337,.F.);
#1395=ADVANCED_FACE('',(#385),#308,.F.);
#1396=ADVANCED_FACE('',(#386),#1338,.F.);
#1397=ADVANCED_FACE('',(#387),#309,.F.);
#1398=ADVANCED_FACE('',(#388),#1339,.F.);
#1399=ADVANCED_FACE('',(#389),#310,.F.);
#1400=ADVANCED_FACE('',(#390),#1340,.F.);
#1401=ADVANCED_FACE('',(#391),#311,.F.);
#1402=ADVANCED_FACE('',(#392),#1341,.F.);
#1403=ADVANCED_FACE('',(#393),#312,.F.);
#1404=ADVANCED_FACE('',(#394),#1342,.F.);
#1405=ADVANCED_FACE('',(#395),#313,.F.);
#1406=ADVANCED_FACE('',(#396),#1343,.F.);
#1407=ADVANCED_FACE('',(#397),#314,.F.);
#1408=ADVANCED_FACE('',(#398),#1344,.F.);
#1409=ADVANCED_FACE('',(#399),#315,.F.);
#1410=ADVANCED_FACE('',(#400),#1345,.F.);
#1411=ADVANCED_FACE('',(#401),#316,.F.);
#1412=ADVANCED_FACE('',(#402),#1346,.F.);
#1413=ADVANCED_FACE('',(#403),#317,.F.);
#1414=ADVANCED_FACE('',(#404),#1347,.F.);
#1415=ADVANCED_FACE('',(#405),#318,.F.);
#1416=ADVANCED_FACE('',(#406),#1348,.F.);
#1417=ADVANCED_FACE('',(#407),#319,.F.);
#1418=ADVANCED_FACE('',(#408),#1349,.F.);
#1419=ADVANCED_FACE('',(#409),#320,.F.);
#1420=ADVANCED_FACE('',(#410),#1350,.F.);
#1421=ADVANCED_FACE('',(#411),#321,.F.);
#1422=ADVANCED_FACE('',(#412),#1351,.F.);
#1423=ADVANCED_FACE('',(#413),#322,.F.);
#1424=ADVANCED_FACE('',(#414),#1352,.F.);
#1425=ADVANCED_FACE('',(#415),#323,.F.);
#1426=CLOSED_SHELL('',(#1353,#1354,#1355,#1356,#1357,#1358,#1359,#1360,
#1361,#1362,#1363,#1364,#1365,#1366,#1367,#1368,#1369,#1370,#1371,#1372,
#1373,#1374,#1375,#1376,#1377,#1378,#1379,#1380,#1381,#1382,#1383,#1384,
#1385,#1386,#1387,#1388,#1389,#1390,#1391,#1392,#1393,#1394,#1395,#1396,
#1397,#1398,#1399,#1400,#1401,#1402,#1403,#1404,#1405,#1406,#1407,#1408,
#1409,#1410,#1411,#1412,#1413,#1414,#1415,#1416,#1417,#1418,#1419,#1420,
#1421,#1422,#1423,#1424,#1425));
#1427=DERIVED_UNIT_ELEMENT(#1429,1.);
#1428=DERIVED_UNIT_ELEMENT(#2421,-3.);
#1429=(
MASS_UNIT()
NAMED_UNIT(*)
SI_UNIT(.KILO.,.GRAM.)
);
#1430=DERIVED_UNIT((#1427,#1428));
#1431=MEASURE_REPRESENTATION_ITEM('density measure',
POSITIVE_RATIO_MEASURE(7850.),#1430);
#1432=PROPERTY_DEFINITION_REPRESENTATION(#1437,#1434);
#1433=PROPERTY_DEFINITION_REPRESENTATION(#1438,#1435);
#1434=REPRESENTATION('material name',(#1436),#2418);
#1435=REPRESENTATION('density',(#1431),#2418);
#1436=DESCRIPTIVE_REPRESENTATION_ITEM('Steel','Steel');
#1437=PROPERTY_DEFINITION('material property','material name',#2428);
#1438=PROPERTY_DEFINITION('material property','density of part',#2428);
#1439=AXIS2_PLACEMENT_3D('',#1999,#1581,#1582);
#1440=AXIS2_PLACEMENT_3D('',#2000,#1583,#1584);
#1441=AXIS2_PLACEMENT_3D('',#2002,#1585,#1586);
#1442=AXIS2_PLACEMENT_3D('',#2004,#1587,#1588);
#1443=AXIS2_PLACEMENT_3D('',#2005,#1589,#1590);
#1444=AXIS2_PLACEMENT_3D('',#2007,#1591,#1592);
#1445=AXIS2_PLACEMENT_3D('',#2009,#1594,#1595);
#1446=AXIS2_PLACEMENT_3D('',#2011,#1596,#1597);
#1447=AXIS2_PLACEMENT_3D('',#2013,#1599,#1600);
#1448=AXIS2_PLACEMENT_3D('',#2014,#1601,#1602);
#1449=AXIS2_PLACEMENT_3D('',#2016,#1603,#1604);
#1450=AXIS2_PLACEMENT_3D('',#2019,#1606,#1607);
#1451=AXIS2_PLACEMENT_3D('',#2020,#1608,#1609);
#1452=AXIS2_PLACEMENT_3D('',#2022,#1610,#1611);
#1453=AXIS2_PLACEMENT_3D('',#2025,#1613,#1614);
#1454=AXIS2_PLACEMENT_3D('',#2026,#1615,#1616);
#1455=AXIS2_PLACEMENT_3D('',#2031,#1618,#1619);
#1456=AXIS2_PLACEMENT_3D('',#2037,#1622,#1623);
#1457=AXIS2_PLACEMENT_3D('',#2040,#1625,#1626);
#1458=AXIS2_PLACEMENT_3D('',#2041,#1627,#1628);
#1459=AXIS2_PLACEMENT_3D('',#2056,#1632,#1633);
#1460=AXIS2_PLACEMENT_3D('',#2059,#1636,#1637);
#1461=AXIS2_PLACEMENT_3D('',#2064,#1641,#1642);
#1462=AXIS2_PLACEMENT_3D('',#2067,#1643,#1644);
#1463=AXIS2_PLACEMENT_3D('',#2071,#1646,#1647);
#1464=AXIS2_PLACEMENT_3D('',#2073,#1649,#1650);
#1465=AXIS2_PLACEMENT_3D('',#2080,#1655,#1656);
#1466=AXIS2_PLACEMENT_3D('',#2082,#1657,#1658);
#1467=AXIS2_PLACEMENT_3D('',#2086,#1660,#1661);
#1468=AXIS2_PLACEMENT_3D('',#2090,#1663,#1664);
#1469=AXIS2_PLACEMENT_3D('',#2094,#1666,#1667);
#1470=AXIS2_PLACEMENT_3D('',#2098,#1669,#1670);
#1471=AXIS2_PLACEMENT_3D('',#2102,#1672,#1673);
#1472=AXIS2_PLACEMENT_3D('',#2106,#1675,#1676);
#1473=AXIS2_PLACEMENT_3D('',#2110,#1678,#1679);
#1474=AXIS2_PLACEMENT_3D('',#2114,#1681,#1682);
#1475=AXIS2_PLACEMENT_3D('',#2118,#1684,#1685);
#1476=AXIS2_PLACEMENT_3D('',#2122,#1687,#1688);
#1477=AXIS2_PLACEMENT_3D('',#2126,#1690,#1691);
#1478=AXIS2_PLACEMENT_3D('',#2130,#1693,#1694);
#1479=AXIS2_PLACEMENT_3D('',#2134,#1696,#1697);
#1480=AXIS2_PLACEMENT_3D('',#2138,#1699,#1700);
#1481=AXIS2_PLACEMENT_3D('',#2142,#1702,#1703);
#1482=AXIS2_PLACEMENT_3D('',#2146,#1705,#1706);
#1483=AXIS2_PLACEMENT_3D('',#2150,#1708,#1709);
#1484=AXIS2_PLACEMENT_3D('',#2154,#1711,#1712);
#1485=AXIS2_PLACEMENT_3D('',#2158,#1714,#1715);
#1486=AXIS2_PLACEMENT_3D('',#2162,#1717,#1718);
#1487=AXIS2_PLACEMENT_3D('',#2166,#1720,#1721);
#1488=AXIS2_PLACEMENT_3D('',#2170,#1723,#1724);
#1489=AXIS2_PLACEMENT_3D('',#2174,#1726,#1727);
#1490=AXIS2_PLACEMENT_3D('',#2178,#1729,#1730);
#1491=AXIS2_PLACEMENT_3D('',#2182,#1732,#1733);
#1492=AXIS2_PLACEMENT_3D('',#2186,#1735,#1736);
#1493=AXIS2_PLACEMENT_3D('',#2188,#1738,#1739);
#1494=AXIS2_PLACEMENT_3D('',#2192,#1741,#1742);
#1495=AXIS2_PLACEMENT_3D('',#2194,#1744,#1745);
#1496=AXIS2_PLACEMENT_3D('',#2198,#1748,#1749);
#1497=AXIS2_PLACEMENT_3D('',#2201,#1751,#1752);
#1498=AXIS2_PLACEMENT_3D('',#2206,#1755,#1756);
#1499=AXIS2_PLACEMENT_3D('',#2210,#1758,#1759);
#1500=AXIS2_PLACEMENT_3D('',#2214,#1761,#1762);
#1501=AXIS2_PLACEMENT_3D('',#2218,#1764,#1765);
#1502=AXIS2_PLACEMENT_3D('',#2222,#1767,#1768);
#1503=AXIS2_PLACEMENT_3D('',#2226,#1770,#1771);
#1504=AXIS2_PLACEMENT_3D('',#2230,#1773,#1774);
#1505=AXIS2_PLACEMENT_3D('',#2234,#1776,#1777);
#1506=AXIS2_PLACEMENT_3D('',#2238,#1779,#1780);
#1507=AXIS2_PLACEMENT_3D('',#2242,#1782,#1783);
#1508=AXIS2_PLACEMENT_3D('',#2246,#1785,#1786);
#1509=AXIS2_PLACEMENT_3D('',#2250,#1788,#1789);
#1510=AXIS2_PLACEMENT_3D('',#2254,#1791,#1792);
#1511=AXIS2_PLACEMENT_3D('',#2258,#1794,#1795);
#1512=AXIS2_PLACEMENT_3D('',#2262,#1797,#1798);
#1513=AXIS2_PLACEMENT_3D('',#2266,#1800,#1801);
#1514=AXIS2_PLACEMENT_3D('',#2270,#1803,#1804);
#1515=AXIS2_PLACEMENT_3D('',#2274,#1806,#1807);
#1516=AXIS2_PLACEMENT_3D('',#2278,#1809,#1810);
#1517=AXIS2_PLACEMENT_3D('',#2282,#1812,#1813);
#1518=AXIS2_PLACEMENT_3D('',#2286,#1815,#1816);
#1519=AXIS2_PLACEMENT_3D('',#2290,#1818,#1819);
#1520=AXIS2_PLACEMENT_3D('',#2294,#1821,#1822);
#1521=AXIS2_PLACEMENT_3D('',#2298,#1824,#1825);
#1522=AXIS2_PLACEMENT_3D('',#2302,#1827,#1828);
#1523=AXIS2_PLACEMENT_3D('',#2304,#1830,#1831);
#1524=AXIS2_PLACEMENT_3D('',#2306,#1833,#1834);
#1525=AXIS2_PLACEMENT_3D('',#2308,#1836,#1837);
#1526=AXIS2_PLACEMENT_3D('',#2309,#1838,#1839);
#1527=AXIS2_PLACEMENT_3D('',#2311,#1841,#1842);
#1528=AXIS2_PLACEMENT_3D('',#2313,#1843,#1844);
#1529=AXIS2_PLACEMENT_3D('',#2315,#1846,#1847);
#1530=AXIS2_PLACEMENT_3D('',#2317,#1849,#1850);
#1531=AXIS2_PLACEMENT_3D('',#2318,#1851,#1852);
#1532=AXIS2_PLACEMENT_3D('',#2319,#1853,#1854);
#1533=AXIS2_PLACEMENT_3D('',#2320,#1855,#1856);
#1534=AXIS2_PLACEMENT_3D('',#2323,#1859,#1860);
#1535=AXIS2_PLACEMENT_3D('',#2325,#1862,#1863);
#1536=AXIS2_PLACEMENT_3D('',#2327,#1865,#1866);
#1537=AXIS2_PLACEMENT_3D('',#2329,#1868,#1869);
#1538=AXIS2_PLACEMENT_3D('',#2331,#1871,#1872);
#1539=AXIS2_PLACEMENT_3D('',#2333,#1874,#1875);
#1540=AXIS2_PLACEMENT_3D('',#2335,#1877,#1878);
#1541=AXIS2_PLACEMENT_3D('',#2336,#1879,#1880);
#1542=AXIS2_PLACEMENT_3D('',#2339,#1883,#1884);
#1543=AXIS2_PLACEMENT_3D('',#2341,#1886,#1887);
#1544=AXIS2_PLACEMENT_3D('',#2343,#1889,#1890);
#1545=AXIS2_PLACEMENT_3D('',#2345,#1892,#1893);
#1546=AXIS2_PLACEMENT_3D('',#2347,#1895,#1896);
#1547=AXIS2_PLACEMENT_3D('',#2349,#1898,#1899);
#1548=AXIS2_PLACEMENT_3D('',#2351,#1901,#1902);
#1549=AXIS2_PLACEMENT_3D('',#2352,#1903,#1904);
#1550=AXIS2_PLACEMENT_3D('',#2355,#1907,#1908);
#1551=AXIS2_PLACEMENT_3D('',#2357,#1910,#1911);
#1552=AXIS2_PLACEMENT_3D('',#2359,#1913,#1914);
#1553=AXIS2_PLACEMENT_3D('',#2361,#1916,#1917);
#1554=AXIS2_PLACEMENT_3D('',#2363,#1919,#1920);
#1555=AXIS2_PLACEMENT_3D('',#2365,#1922,#1923);
#1556=AXIS2_PLACEMENT_3D('',#2367,#1925,#1926);
#1557=AXIS2_PLACEMENT_3D('',#2368,#1927,#1928);
#1558=AXIS2_PLACEMENT_3D('',#2371,#1931,#1932);
#1559=AXIS2_PLACEMENT_3D('',#2373,#1934,#1935);
#1560=AXIS2_PLACEMENT_3D('',#2375,#1937,#1938);
#1561=AXIS2_PLACEMENT_3D('',#2377,#1940,#1941);
#1562=AXIS2_PLACEMENT_3D('',#2379,#1943,#1944);
#1563=AXIS2_PLACEMENT_3D('',#2381,#1946,#1947);
#1564=AXIS2_PLACEMENT_3D('',#2383,#1949,#1950);
#1565=AXIS2_PLACEMENT_3D('',#2384,#1951,#1952);
#1566=AXIS2_PLACEMENT_3D('',#2387,#1955,#1956);
#1567=AXIS2_PLACEMENT_3D('',#2389,#1958,#1959);
#1568=AXIS2_PLACEMENT_3D('',#2391,#1961,#1962);
#1569=AXIS2_PLACEMENT_3D('',#2393,#1964,#1965);
#1570=AXIS2_PLACEMENT_3D('',#2395,#1967,#1968);
#1571=AXIS2_PLACEMENT_3D('',#2397,#1970,#1971);
#1572=AXIS2_PLACEMENT_3D('',#2399,#1973,#1974);
#1573=AXIS2_PLACEMENT_3D('',#2400,#1975,#1976);
#1574=AXIS2_PLACEMENT_3D('',#2403,#1979,#1980);
#1575=AXIS2_PLACEMENT_3D('',#2405,#1982,#1983);
#1576=AXIS2_PLACEMENT_3D('',#2407,#1985,#1986);
#1577=AXIS2_PLACEMENT_3D('',#2409,#1988,#1989);
#1578=AXIS2_PLACEMENT_3D('',#2411,#1991,#1992);
#1579=AXIS2_PLACEMENT_3D('',#2413,#1994,#1995);
#1580=AXIS2_PLACEMENT_3D('',#2415,#1997,#1998);
#1581=DIRECTION('axis',(0.,0.,1.));
#1582=DIRECTION('refdir',(1.,0.,0.));
#1583=DIRECTION('center_axis',(1.11022302462516E-16,1.56125112837912E-15,
1.));
#1584=DIRECTION('ref_axis',(1.,-1.08246744900954E-15,-1.11022302462514E-16));
#1585=DIRECTION('center_axis',(-1.11022302462516E-16,-1.56125112837912E-15,
-1.));
#1586=DIRECTION('ref_axis',(1.,-1.08246744900954E-15,-1.11022302462514E-16));
#1587=DIRECTION('center_axis',(1.11022302462516E-16,1.56125112837912E-15,
1.));
#1588=DIRECTION('ref_axis',(1.,-1.08246744900954E-15,-1.11022302462514E-16));
#1589=DIRECTION('center_axis',(1.11022302462516E-16,1.56125112837912E-15,
1.));
#1590=DIRECTION('ref_axis',(1.,-1.08246744900954E-15,-1.11022302462514E-16));
#1591=DIRECTION('center_axis',(-1.72654869311284E-31,-0.17364817766693,
-0.984807753012208));
#1592=DIRECTION('ref_axis',(1.04674351566494E-15,0.984807753012208,-0.17364817766693));
#1593=DIRECTION('',(-1.11022302462516E-16,-1.56125112837912E-15,-1.));
#1594=DIRECTION('center_axis',(1.11022302462516E-16,1.56125112837912E-15,
1.));
#1595=DIRECTION('ref_axis',(1.,-1.08246744900954E-15,-1.11022302462514E-16));
#1596=DIRECTION('center_axis',(1.72654869311284E-31,0.17364817766693,0.984807753012208));
#1597=DIRECTION('ref_axis',(1.04674351566494E-15,0.984807753012208,-0.17364817766693));
#1598=DIRECTION('',(-1.11022302462516E-16,-1.56125112837912E-15,-1.));
#1599=DIRECTION('center_axis',(1.72654869311284E-31,0.17364817766693,0.984807753012208));
#1600=DIRECTION('ref_axis',(2.98507455688774E-31,-0.984807753012208,0.17364817766693));
#1601=DIRECTION('center_axis',(1.72654869311284E-31,0.173648177666932,0.984807753012208));
#1602=DIRECTION('ref_axis',(1.,2.63991253273027E-31,-2.2186712959341E-31));
#1603=DIRECTION('center_axis',(-1.72654869311284E-31,-0.17364817766693,
-0.984807753012208));
#1604=DIRECTION('ref_axis',(1.,2.63991253273027E-31,-2.2186712959341E-31));
#1605=DIRECTION('',(1.72654869311284E-31,0.173648177666932,0.984807753012208));
#1606=DIRECTION('center_axis',(-1.72654869311284E-31,-0.17364817766693,
-0.984807753012208));
#1607=DIRECTION('ref_axis',(1.,2.63991253273027E-31,-2.2186712959341E-31));
#1608=DIRECTION('center_axis',(1.72654869311284E-31,0.17364817766693,0.984807753012208));
#1609=DIRECTION('ref_axis',(1.,2.63991253273027E-31,-2.2186712959341E-31));
#1610=DIRECTION('center_axis',(-1.72654869311284E-31,-0.17364817766693,
-0.984807753012208));
#1611=DIRECTION('ref_axis',(1.,2.63991253273027E-31,-2.2186712959341E-31));
#1612=DIRECTION('',(1.72654869311284E-31,0.17364817766693,0.984807753012208));
#1613=DIRECTION('center_axis',(-1.72654869311284E-31,-0.17364817766693,
-0.984807753012208));
#1614=DIRECTION('ref_axis',(1.,2.63991253273027E-31,-2.2186712959341E-31));
#1615=DIRECTION('center_axis',(-2.20922263419462E-31,-5.89900275128336E-31,
-1.));
#1616=DIRECTION('ref_axis',(-1.,-2.63991253273027E-31,2.20922263419462E-31));
#1617=DIRECTION('',(1.,2.64157858672652E-31,-2.20922263419462E-31));
#1618=DIRECTION('center_axis',(2.20922263419462E-31,5.89900275128336E-31,
1.));
#1619=DIRECTION('ref_axis',(-3.48507302208746E-15,-1.,5.9164567891576E-31));
#1620=DIRECTION('',(-2.09252901036226E-16,-1.,5.89900275128336E-31));
#1621=DIRECTION('',(0.999974176141084,0.00718658826979395,-2.25155928751685E-31));
#1622=DIRECTION('center_axis',(-2.20922263419462E-31,-5.89900275128336E-31,
-1.));
#1623=DIRECTION('ref_axis',(-1.,-2.63991253273027E-31,2.2186712959341E-31));
#1624=DIRECTION('',(-0.000254306876412914,-0.999999967664006,5.89956438104064E-31));
#1625=DIRECTION('center_axis',(-2.2186712959341E-31,-5.91645678915759E-31,
-1.));
#1626=DIRECTION('ref_axis',(-1.,-2.63991253273027E-31,2.2186712959341E-31));
#1627=DIRECTION('center_axis',(-0.999999967664006,0.000254306876412914,
2.21716662854567E-31));
#1628=DIRECTION('ref_axis',(0.000254306876412914,0.999999967664006,-5.91702082121013E-31));
#1629=DIRECTION('',(4.41599270421714E-5,0.173648177497625,0.98480775205197));
#1630=DIRECTION('',(-2.2186712959341E-31,-5.91645678915759E-31,-1.));
#1631=DIRECTION('',(-0.00025044338377995,-0.984807722127707,0.173648172221159));
#1632=DIRECTION('center_axis',(2.20922263419462E-31,5.89900275128336E-31,
1.));
#1633=DIRECTION('ref_axis',(-3.48507302208746E-15,-1.,5.9164567891576E-31));
#1634=DIRECTION('',(2.2186712959341E-31,5.91645678915759E-31,1.));
#1635=DIRECTION('',(-2.2186712959341E-31,-5.91645678915759E-31,-1.));
#1636=DIRECTION('center_axis',(2.64157858672652E-31,-1.,5.91645678915759E-31));
#1637=DIRECTION('ref_axis',(-1.,-2.64157858672652E-31,2.20922263419462E-31));
#1638=DIRECTION('',(-1.,-2.64157858672652E-31,2.20922263419462E-31));
#1639=DIRECTION('',(2.2186712959341E-31,5.91645678915759E-31,1.));
#1640=DIRECTION('',(-1.,-2.64157858672652E-31,2.21896506620495E-31));
#1641=DIRECTION('center_axis',(1.72654869311285E-31,0.173648177666928,0.984807753012208));
#1642=DIRECTION('ref_axis',(-0.707106781186546,0.696364240320021,-0.122787803968971));
#1643=DIRECTION('center_axis',(-1.72654869311284E-31,-0.17364817766693,
-0.984807753012208));
#1644=DIRECTION('ref_axis',(-0.707106781186546,0.696364240320021,-0.122787803968971));
#1645=DIRECTION('',(-1.72654869311285E-31,-0.173648177666928,-0.984807753012208));
#1646=DIRECTION('center_axis',(1.72654869311284E-31,0.17364817766693,0.984807753012208));
#1647=DIRECTION('ref_axis',(-0.707106781186546,0.696364240320021,-0.122787803968971));
#1648=DIRECTION('',(1.72654869311285E-31,0.173648177666928,0.984807753012208));
#1649=DIRECTION('center_axis',(-1.,-2.63991253273027E-31,2.2186712959341E-31));
#1650=DIRECTION('ref_axis',(2.2186712959341E-31,5.91645678915759E-31,1.));
#1651=DIRECTION('',(1.72654869311281E-31,0.173648177666941,0.984807753012206));
#1652=DIRECTION('',(-2.98507455688774E-31,0.984807753012208,-0.17364817766693));
#1653=DIRECTION('',(2.98507455688774E-31,-0.984807753012208,0.17364817766693));
#1654=DIRECTION('',(-2.2186712959341E-31,-5.91645678915759E-31,-1.));
#1655=DIRECTION('center_axis',(-1.72654869311284E-31,-0.17364817766693,
-0.984807753012208));
#1656=DIRECTION('ref_axis',(-2.98507455688774E-31,0.984807753012208,-0.17364817766693));
#1657=DIRECTION('center_axis',(1.72654869311284E-31,0.17364817766693,0.984807753012208));
#1658=DIRECTION('ref_axis',(-0.707106781186546,-0.696364240320019,0.12278780396898));
#1659=DIRECTION('',(-1.,-2.63991253273027E-31,2.2186712959341E-31));
#1660=DIRECTION('center_axis',(1.72654869311284E-31,0.17364817766693,0.984807753012208));
#1661=DIRECTION('ref_axis',(0.707106781186548,-0.696364240320018,0.12278780396898));
#1662=DIRECTION('',(2.98507455688774E-31,-0.984807753012208,0.17364817766693));
#1663=DIRECTION('center_axis',(1.72654869311284E-31,0.17364817766693,0.984807753012208));
#1664=DIRECTION('ref_axis',(0.707106781186548,0.696364240320019,-0.122787803968971));
#1665=DIRECTION('',(1.,2.63991253273027E-31,-2.2186712959341E-31));
#1666=DIRECTION('center_axis',(1.72654869311284E-31,0.17364817766693,0.984807753012208));
#1667=DIRECTION('ref_axis',(2.98507455688774E-31,-0.984807753012208,0.17364817766693));
#1668=DIRECTION('',(2.98507455688774E-31,-0.984807753012208,0.17364817766693));
#1669=DIRECTION('center_axis',(1.72654869311284E-31,0.17364817766693,0.984807753012208));
#1670=DIRECTION('ref_axis',(-1.,-2.63991253273027E-31,2.2186712959341E-31));
#1671=DIRECTION('',(-1.,-2.63991253273027E-31,2.2186712959341E-31));
#1672=DIRECTION('center_axis',(1.72654869311284E-31,0.17364817766693,0.984807753012208));
#1673=DIRECTION('ref_axis',(-2.98507455688774E-31,0.984807753012208,-0.17364817766693));
#1674=DIRECTION('',(-2.98507455688774E-31,0.984807753012208,-0.17364817766693));
#1675=DIRECTION('center_axis',(1.72654869311284E-31,0.17364817766693,0.984807753012208));
#1676=DIRECTION('ref_axis',(1.,2.63991253273027E-31,-2.2186712959341E-31));
#1677=DIRECTION('',(1.,1.68208652649773E-16,-2.96597238507735E-17));
#1678=DIRECTION('center_axis',(1.72654869311284E-31,0.17364817766693,0.984807753012208));
#1679=DIRECTION('ref_axis',(2.98507455688774E-31,-0.984807753012208,0.17364817766693));
#1680=DIRECTION('',(2.98507455688774E-31,-0.984807753012208,0.17364817766693));
#1681=DIRECTION('center_axis',(1.72654869311284E-31,0.17364817766693,0.984807753012208));
#1682=DIRECTION('ref_axis',(-1.,-2.63991253273027E-31,2.2186712959341E-31));
#1683=DIRECTION('',(-1.,-2.63991253273027E-31,2.2186712959341E-31));
#1684=DIRECTION('center_axis',(1.72654869311284E-31,0.17364817766693,0.984807753012208));
#1685=DIRECTION('ref_axis',(-2.98507455688774E-31,0.984807753012208,-0.17364817766693));
#1686=DIRECTION('',(-2.98507455688774E-31,0.984807753012208,-0.17364817766693));
#1687=DIRECTION('center_axis',(1.72654869311284E-31,0.17364817766693,0.984807753012208));
#1688=DIRECTION('ref_axis',(1.,2.63991253273027E-31,-2.2186712959341E-31));
#1689=DIRECTION('',(1.,8.41043263248866E-17,-1.48298619253869E-17));
#1690=DIRECTION('center_axis',(1.72654869311284E-31,0.17364817766693,0.984807753012208));
#1691=DIRECTION('ref_axis',(2.98507455688774E-31,-0.984807753012208,0.17364817766693));
#1692=DIRECTION('',(2.98507455688774E-31,-0.984807753012208,0.17364817766693));
#1693=DIRECTION('center_axis',(1.72654869311284E-31,0.17364817766693,0.984807753012208));
#1694=DIRECTION('ref_axis',(-1.,-2.63991253273027E-31,2.2186712959341E-31));
#1695=DIRECTION('',(-1.,-2.63991253273027E-31,2.2186712959341E-31));
#1696=DIRECTION('center_axis',(1.72654869311284E-31,0.17364817766693,0.984807753012208));
#1697=DIRECTION('ref_axis',(-2.98507455688774E-31,0.984807753012208,-0.17364817766693));
#1698=DIRECTION('',(-2.98507455688774E-31,0.984807753012208,-0.17364817766693));
#1699=DIRECTION('center_axis',(1.72654869311284E-31,0.17364817766693,0.984807753012208));
#1700=DIRECTION('ref_axis',(1.,2.63991253273027E-31,-2.2186712959341E-31));
#1701=DIRECTION('',(1.,2.63991253273027E-31,-2.2186712959341E-31));
#1702=DIRECTION('center_axis',(1.72654869311284E-31,0.17364817766693,0.984807753012208));
#1703=DIRECTION('ref_axis',(2.98507455688774E-31,-0.984807753012208,0.17364817766693));
#1704=DIRECTION('',(2.98507455688774E-31,-0.984807753012208,0.17364817766693));
#1705=DIRECTION('center_axis',(1.72654869311284E-31,0.17364817766693,0.984807753012208));
#1706=DIRECTION('ref_axis',(-1.,-2.63991253273027E-31,2.2186712959341E-31));
#1707=DIRECTION('',(-1.,-2.63991253273027E-31,2.2186712959341E-31));
#1708=DIRECTION('center_axis',(1.72654869311284E-31,0.17364817766693,0.984807753012208));
#1709=DIRECTION('ref_axis',(-2.98507455688774E-31,0.984807753012208,-0.17364817766693));
#1710=DIRECTION('',(-2.98507455688774E-31,0.984807753012208,-0.17364817766693));
#1711=DIRECTION('center_axis',(1.72654869311284E-31,0.17364817766693,0.984807753012208));
#1712=DIRECTION('ref_axis',(1.,2.63991253273027E-31,-2.2186712959341E-31));
#1713=DIRECTION('',(1.,8.41043263248866E-17,-1.48298619253869E-17));
#1714=DIRECTION('center_axis',(1.72654869311284E-31,0.17364817766693,0.984807753012208));
#1715=DIRECTION('ref_axis',(2.98507455688774E-31,-0.984807753012208,0.17364817766693));
#1716=DIRECTION('',(2.98507455688774E-31,-0.984807753012208,0.17364817766693));
#1717=DIRECTION('center_axis',(1.72654869311284E-31,0.17364817766693,0.984807753012208));
#1718=DIRECTION('ref_axis',(-1.,-8.74684993778817E-15,1.54230564024021E-15));
#1719=DIRECTION('',(-1.,-2.63991253273027E-31,2.2186712959341E-31));
#1720=DIRECTION('center_axis',(1.72654869311284E-31,0.17364817766693,0.984807753012208));
#1721=DIRECTION('ref_axis',(-2.98507455688774E-31,0.984807753012208,-0.17364817766693));
#1722=DIRECTION('',(-2.98507455688774E-31,0.984807753012208,-0.17364817766693));
#1723=DIRECTION('center_axis',(1.72654869311284E-31,0.17364817766693,0.984807753012208));
#1724=DIRECTION('ref_axis',(1.,4.37342496889416E-15,-7.7115282012012E-16));
#1725=DIRECTION('',(1.,2.63991253273027E-31,-2.2186712959341E-31));
#1726=DIRECTION('center_axis',(1.72654869311284E-31,0.17364817766693,0.984807753012208));
#1727=DIRECTION('ref_axis',(2.98507455688774E-31,-0.984807753012208,0.17364817766693));
#1728=DIRECTION('',(2.98507455688774E-31,-0.984807753012208,0.17364817766693));
#1729=DIRECTION('center_axis',(1.72654869311284E-31,0.17364817766693,0.984807753012208));
#1730=DIRECTION('ref_axis',(-1.,-2.63991253273027E-31,2.2186712959341E-31));
#1731=DIRECTION('',(-1.,-1.68208652649773E-16,2.96597238507736E-17));
#1732=DIRECTION('center_axis',(1.72654869311284E-31,0.17364817766693,0.984807753012208));
#1733=DIRECTION('ref_axis',(-2.98507455688774E-31,0.984807753012208,-0.17364817766693));
#1734=DIRECTION('',(-2.98507455688774E-31,0.984807753012208,-0.17364817766693));
#1735=DIRECTION('center_axis',(1.72654869311284E-31,0.17364817766693,0.984807753012208));
#1736=DIRECTION('ref_axis',(1.,2.63991253273027E-31,-2.2186712959341E-31));
#1737=DIRECTION('',(1.,8.41043263248867E-17,-1.48298619253869E-17));
#1738=DIRECTION('center_axis',(-1.72654869311285E-31,-0.173648177666928,
-0.984807753012208));
#1739=DIRECTION('ref_axis',(0.707106781186548,0.696364240320019,-0.122787803968971));
#1740=DIRECTION('',(1.72654869311285E-31,0.173648177666928,0.984807753012208));
#1741=DIRECTION('center_axis',(-1.72654869311284E-31,-0.17364817766693,
-0.984807753012208));
#1742=DIRECTION('ref_axis',(0.707106781186548,0.696364240320019,-0.122787803968971));
#1743=DIRECTION('',(-1.72654869311285E-31,-0.173648177666928,-0.984807753012208));
#1744=DIRECTION('center_axis',(1.,2.63991253273027E-31,-2.2186712959341E-31));
#1745=DIRECTION('ref_axis',(-2.2186712959341E-31,-5.91645678915759E-31,
-1.));
#1746=DIRECTION('',(-1.72654869311281E-31,-0.173648177666941,-0.984807753012206));
#1747=DIRECTION('',(-2.98507455688774E-31,0.984807753012208,-0.17364817766693));
#1748=DIRECTION('center_axis',(1.72654869311284E-31,0.17364817766693,0.984807753012208));
#1749=DIRECTION('ref_axis',(2.98507455688774E-31,-0.984807753012208,0.17364817766693));
#1750=DIRECTION('',(-1.,-2.63991253273027E-31,2.2186712959341E-31));
#1751=DIRECTION('center_axis',(-1.72654869311284E-31,-0.17364817766693,
-0.984807753012208));
#1752=DIRECTION('ref_axis',(0.707106781186548,-0.696364240320018,0.12278780396898));
#1753=DIRECTION('',(1.,2.63991253273027E-31,-2.2186712959341E-31));
#1754=DIRECTION('',(0.00025044338377995,0.984807722127707,-0.173648172221159));
#1755=DIRECTION('center_axis',(1.72654869311284E-31,0.17364817766693,0.984807753012208));
#1756=DIRECTION('ref_axis',(-2.98507455688774E-31,0.984807753012208,-0.17364817766693));
#1757=DIRECTION('',(-0.999973373278283,-0.00718658249980056,0.00126718839380212));
#1758=DIRECTION('center_axis',(1.72654869311284E-31,0.17364817766693,0.984807753012208));
#1759=DIRECTION('ref_axis',(2.98507455688774E-31,-0.984807753012208,0.17364817766693));
#1760=DIRECTION('',(1.,8.41043263248867E-17,-1.48298619253869E-17));
#1761=DIRECTION('center_axis',(1.72654869311284E-31,0.17364817766693,0.984807753012208));
#1762=DIRECTION('ref_axis',(1.,2.63991253273027E-31,-2.2186712959341E-31));
#1763=DIRECTION('',(-2.98507455688774E-31,0.984807753012208,-0.17364817766693));
#1764=DIRECTION('center_axis',(1.72654869311284E-31,0.17364817766693,0.984807753012208));
#1765=DIRECTION('ref_axis',(-2.98507455688774E-31,0.984807753012208,-0.17364817766693));
#1766=DIRECTION('',(-1.,-1.68208652649773E-16,2.96597238507736E-17));
#1767=DIRECTION('center_axis',(1.72654869311284E-31,0.17364817766693,0.984807753012208));
#1768=DIRECTION('ref_axis',(-1.,-2.63991253273027E-31,2.2186712959341E-31));
#1769=DIRECTION('',(2.98507455688774E-31,-0.984807753012208,0.17364817766693));
#1770=DIRECTION('center_axis',(1.72654869311284E-31,0.17364817766693,0.984807753012208));
#1771=DIRECTION('ref_axis',(2.98507455688774E-31,-0.984807753012208,0.17364817766693));
#1772=DIRECTION('',(1.,2.63991253273027E-31,-2.2186712959341E-31));
#1773=DIRECTION('center_axis',(1.72654869311284E-31,0.17364817766693,0.984807753012208));
#1774=DIRECTION('ref_axis',(1.,4.37342496889416E-15,-7.7115282012012E-16));
#1775=DIRECTION('',(-2.98507455688774E-31,0.984807753012208,-0.17364817766693));
#1776=DIRECTION('center_axis',(1.72654869311284E-31,0.17364817766693,0.984807753012208));
#1777=DIRECTION('ref_axis',(-2.98507455688774E-31,0.984807753012208,-0.17364817766693));
#1778=DIRECTION('',(-1.,-2.63991253273027E-31,2.2186712959341E-31));
#1779=DIRECTION('center_axis',(1.72654869311284E-31,0.17364817766693,0.984807753012208));
#1780=DIRECTION('ref_axis',(-1.,-8.74684993778817E-15,1.54230564024021E-15));
#1781=DIRECTION('',(2.98507455688774E-31,-0.984807753012208,0.17364817766693));
#1782=DIRECTION('center_axis',(1.72654869311284E-31,0.17364817766693,0.984807753012208));
#1783=DIRECTION('ref_axis',(2.98507455688774E-31,-0.984807753012208,0.17364817766693));
#1784=DIRECTION('',(1.,8.41043263248866E-17,-1.48298619253869E-17));
#1785=DIRECTION('center_axis',(1.72654869311284E-31,0.17364817766693,0.984807753012208));
#1786=DIRECTION('ref_axis',(1.,2.63991253273027E-31,-2.2186712959341E-31));
#1787=DIRECTION('',(-2.98507455688774E-31,0.984807753012208,-0.17364817766693));
#1788=DIRECTION('center_axis',(1.72654869311284E-31,0.17364817766693,0.984807753012208));
#1789=DIRECTION('ref_axis',(-2.98507455688774E-31,0.984807753012208,-0.17364817766693));
#1790=DIRECTION('',(-1.,-2.63991253273027E-31,2.2186712959341E-31));
#1791=DIRECTION('center_axis',(1.72654869311284E-31,0.17364817766693,0.984807753012208));
#1792=DIRECTION('ref_axis',(-1.,-2.63991253273027E-31,2.2186712959341E-31));
#1793=DIRECTION('',(2.98507455688774E-31,-0.984807753012208,0.17364817766693));
#1794=DIRECTION('center_axis',(1.72654869311284E-31,0.17364817766693,0.984807753012208));
#1795=DIRECTION('ref_axis',(2.98507455688774E-31,-0.984807753012208,0.17364817766693));
#1796=DIRECTION('',(1.,2.63991253273027E-31,-2.2186712959341E-31));
#1797=DIRECTION('center_axis',(1.72654869311284E-31,0.17364817766693,0.984807753012208));
#1798=DIRECTION('ref_axis',(1.,2.63991253273027E-31,-2.2186712959341E-31));
#1799=DIRECTION('',(-2.98507455688774E-31,0.984807753012208,-0.17364817766693));
#1800=DIRECTION('center_axis',(1.72654869311284E-31,0.17364817766693,0.984807753012208));
#1801=DIRECTION('ref_axis',(-2.98507455688774E-31,0.984807753012208,-0.17364817766693));
#1802=DIRECTION('',(-1.,-2.63991253273027E-31,2.2186712959341E-31));
#1803=DIRECTION('center_axis',(1.72654869311284E-31,0.17364817766693,0.984807753012208));
#1804=DIRECTION('ref_axis',(-1.,-2.63991253273027E-31,2.2186712959341E-31));
#1805=DIRECTION('',(2.98507455688774E-31,-0.984807753012208,0.17364817766693));
#1806=DIRECTION('center_axis',(1.72654869311284E-31,0.17364817766693,0.984807753012208));
#1807=DIRECTION('ref_axis',(2.98507455688774E-31,-0.984807753012208,0.17364817766693));
#1808=DIRECTION('',(1.,8.41043263248866E-17,-1.48298619253869E-17));
#1809=DIRECTION('center_axis',(1.72654869311284E-31,0.17364817766693,0.984807753012208));
#1810=DIRECTION('ref_axis',(1.,2.63991253273027E-31,-2.2186712959341E-31));
#1811=DIRECTION('',(-2.98507455688774E-31,0.984807753012208,-0.17364817766693));
#1812=DIRECTION('center_axis',(1.72654869311284E-31,0.17364817766693,0.984807753012208));
#1813=DIRECTION('ref_axis',(-2.98507455688774E-31,0.984807753012208,-0.17364817766693));
#1814=DIRECTION('',(-1.,-2.63991253273027E-31,2.2186712959341E-31));
#1815=DIRECTION('center_axis',(1.72654869311284E-31,0.17364817766693,0.984807753012208));
#1816=DIRECTION('ref_axis',(-1.,-2.63991253273027E-31,2.2186712959341E-31));
#1817=DIRECTION('',(2.98507455688774E-31,-0.984807753012208,0.17364817766693));
#1818=DIRECTION('center_axis',(1.72654869311284E-31,0.17364817766693,0.984807753012208));
#1819=DIRECTION('ref_axis',(2.98507455688774E-31,-0.984807753012208,0.17364817766693));
#1820=DIRECTION('',(1.,1.68208652649773E-16,-2.96597238507735E-17));
#1821=DIRECTION('center_axis',(1.72654869311284E-31,0.17364817766693,0.984807753012208));
#1822=DIRECTION('ref_axis',(1.,2.63991253273027E-31,-2.2186712959341E-31));
#1823=DIRECTION('',(-2.98507455688774E-31,0.984807753012208,-0.17364817766693));
#1824=DIRECTION('center_axis',(1.72654869311284E-31,0.17364817766693,0.984807753012208));
#1825=DIRECTION('ref_axis',(-2.98507455688774E-31,0.984807753012208,-0.17364817766693));
#1826=DIRECTION('',(-1.,-2.63991253273027E-31,2.2186712959341E-31));
#1827=DIRECTION('center_axis',(1.72654869311284E-31,0.17364817766693,0.984807753012208));
#1828=DIRECTION('ref_axis',(-1.,-2.63991253273027E-31,2.2186712959341E-31));
#1829=DIRECTION('',(2.98507455688774E-31,-0.984807753012208,0.17364817766693));
#1830=DIRECTION('center_axis',(1.72654869311281E-31,0.173648177666941,0.984807753012206));
#1831=DIRECTION('ref_axis',(0.707106781186548,-0.696364240320018,0.12278780396898));
#1832=DIRECTION('',(1.72654869311281E-31,0.173648177666941,0.984807753012206));
#1833=DIRECTION('center_axis',(2.98507455688776E-31,-0.984807753012206,
0.173648177666941));
#1834=DIRECTION('ref_axis',(1.72654869311281E-31,0.173648177666941,0.984807753012206));
#1835=DIRECTION('',(-1.72654869311281E-31,-0.173648177666941,-0.984807753012206));
#1836=DIRECTION('center_axis',(1.72654869311281E-31,0.173648177666941,0.984807753012206));
#1837=DIRECTION('ref_axis',(-0.707106781186546,-0.696364240320019,0.12278780396898));
#1838=DIRECTION('center_axis',(0.00718658826979395,-0.999974176141085,5.9003593263023E-31));
#1839=DIRECTION('ref_axis',(0.999974176141084,0.00718658826979395,-2.08833592295118E-31));
#1840=DIRECTION('',(2.2186712959341E-31,5.91645678915759E-31,1.));
#1841=DIRECTION('center_axis',(-2.2186712959341E-31,-5.91645678915759E-31,
-1.));
#1842=DIRECTION('ref_axis',(-1.,-2.63991253273027E-31,2.2186712959341E-31));
#1843=DIRECTION('center_axis',(1.72654869311284E-31,0.17364817766693,0.984807753012208));
#1844=DIRECTION('ref_axis',(-2.98507455688774E-31,0.984807753012208,-0.17364817766693));
#1845=DIRECTION('',(-2.2186712959341E-31,-5.91645678915759E-31,-1.));
#1846=DIRECTION('center_axis',(-0.999999967664006,0.000254306876412914,
2.21716662854567E-31));
#1847=DIRECTION('ref_axis',(-0.000254306876412914,-0.999999967664006,5.91702082121013E-31));
#1848=DIRECTION('',(2.2186712959341E-31,5.91645678915759E-31,1.));
#1849=DIRECTION('center_axis',(-2.2186712959341E-31,-5.91645678915759E-31,
-1.));
#1850=DIRECTION('ref_axis',(0.704651584924,0.709553482032253,-5.76143276114548E-31));
#1851=DIRECTION('center_axis',(1.72654869311284E-31,0.17364817766693,0.984807753012208));
#1852=DIRECTION('ref_axis',(2.98507455688774E-31,-0.984807753012208,0.17364817766693));
#1853=DIRECTION('center_axis',(-2.98507455688774E-31,0.984807753012208,
-0.173648177666928));
#1854=DIRECTION('ref_axis',(-1.72654869311285E-31,-0.173648177666928,-0.984807753012208));
#1855=DIRECTION('center_axis',(-1.,-2.63991253273027E-31,2.2186712959341E-31));
#1856=DIRECTION('ref_axis',(2.98507455688774E-31,-0.984807753012208,0.17364817766693));
#1857=DIRECTION('',(1.72654869311284E-31,0.17364817766693,0.984807753012208));
#1858=DIRECTION('',(1.72654869311284E-31,0.17364817766693,0.984807753012208));
#1859=DIRECTION('center_axis',(-1.72654869311284E-31,-0.17364817766693,
-0.984807753012208));
#1860=DIRECTION('ref_axis',(-1.,-2.63991253273027E-31,2.2186712959341E-31));
#1861=DIRECTION('',(1.72654869311284E-31,0.17364817766693,0.984807753012208));
#1862=DIRECTION('center_axis',(-1.70803542250025E-16,0.984807753012208,
-0.17364817766693));
#1863=DIRECTION('ref_axis',(-1.,-1.68208652649773E-16,2.96597238507736E-17));
#1864=DIRECTION('',(1.72654869311284E-31,0.17364817766693,0.984807753012208));
#1865=DIRECTION('center_axis',(-1.72654869311284E-31,-0.17364817766693,
-0.984807753012208));
#1866=DIRECTION('ref_axis',(-2.98507455688774E-31,0.984807753012208,-0.17364817766693));
#1867=DIRECTION('',(1.72654869311284E-31,0.17364817766693,0.984807753012208));
#1868=DIRECTION('center_axis',(1.,2.63991253273027E-31,-2.2186712959341E-31));
#1869=DIRECTION('ref_axis',(-2.98507455688774E-31,0.984807753012208,-0.17364817766693));
#1870=DIRECTION('',(1.72654869311284E-31,0.17364817766693,0.984807753012208));
#1871=DIRECTION('center_axis',(-1.72654869311284E-31,-0.17364817766693,
-0.984807753012208));
#1872=DIRECTION('ref_axis',(1.,2.63991253273027E-31,-2.2186712959341E-31));
#1873=DIRECTION('',(1.72654869311284E-31,0.17364817766693,0.984807753012208));
#1874=DIRECTION('center_axis',(8.54017711250128E-17,-0.984807753012208,
0.17364817766693));
#1875=DIRECTION('ref_axis',(1.,8.41043263248867E-17,-1.48298619253869E-17));
#1876=DIRECTION('',(1.72654869311284E-31,0.17364817766693,0.984807753012208));
#1877=DIRECTION('center_axis',(-1.72654869311284E-31,-0.17364817766693,
-0.984807753012208));
#1878=DIRECTION('ref_axis',(2.98507455688774E-31,-0.984807753012208,0.17364817766693));
#1879=DIRECTION('center_axis',(-1.,-2.63991253273027E-31,2.2186712959341E-31));
#1880=DIRECTION('ref_axis',(2.98507455688774E-31,-0.984807753012208,0.17364817766693));
#1881=DIRECTION('',(1.72654869311284E-31,0.17364817766693,0.984807753012208));
#1882=DIRECTION('',(1.72654869311284E-31,0.17364817766693,0.984807753012208));
#1883=DIRECTION('center_axis',(-1.72654869311284E-31,-0.17364817766693,
-0.984807753012208));
#1884=DIRECTION('ref_axis',(-1.,-8.74684993778817E-15,1.54230564024021E-15));
#1885=DIRECTION('',(1.72654869311284E-31,0.17364817766693,0.984807753012208));
#1886=DIRECTION('center_axis',(-2.98507455688774E-31,0.984807753012208,
-0.17364817766693));
#1887=DIRECTION('ref_axis',(-1.,-2.63991253273027E-31,2.2186712959341E-31));
#1888=DIRECTION('',(1.72654869311284E-31,0.17364817766693,0.984807753012208));
#1889=DIRECTION('center_axis',(-1.72654869311284E-31,-0.17364817766693,
-0.984807753012208));
#1890=DIRECTION('ref_axis',(-2.98507455688774E-31,0.984807753012208,-0.17364817766693));
#1891=DIRECTION('',(1.72654869311284E-31,0.17364817766693,0.984807753012208));
#1892=DIRECTION('center_axis',(1.,2.63991253273027E-31,-2.2186712959341E-31));
#1893=DIRECTION('ref_axis',(-2.98507455688774E-31,0.984807753012208,-0.17364817766693));
#1894=DIRECTION('',(1.72654869311284E-31,0.17364817766693,0.984807753012208));
#1895=DIRECTION('center_axis',(-1.72654869311284E-31,-0.17364817766693,
-0.984807753012208));
#1896=DIRECTION('ref_axis',(1.,4.37342496889416E-15,-7.7115282012012E-16));
#1897=DIRECTION('',(1.72654869311284E-31,0.17364817766693,0.984807753012208));
#1898=DIRECTION('center_axis',(2.98507455688774E-31,-0.984807753012208,
0.17364817766693));
#1899=DIRECTION('ref_axis',(1.,2.63991253273027E-31,-2.2186712959341E-31));
#1900=DIRECTION('',(1.72654869311284E-31,0.17364817766693,0.984807753012208));
#1901=DIRECTION('center_axis',(-1.72654869311284E-31,-0.17364817766693,
-0.984807753012208));
#1902=DIRECTION('ref_axis',(2.98507455688774E-31,-0.984807753012208,0.17364817766693));
#1903=DIRECTION('center_axis',(-1.,-2.63991253273027E-31,2.2186712959341E-31));
#1904=DIRECTION('ref_axis',(2.98507455688774E-31,-0.984807753012208,0.17364817766693));
#1905=DIRECTION('',(1.72654869311284E-31,0.17364817766693,0.984807753012208));
#1906=DIRECTION('',(1.72654869311284E-31,0.17364817766693,0.984807753012208));
#1907=DIRECTION('center_axis',(-1.72654869311284E-31,-0.17364817766693,
-0.984807753012208));
#1908=DIRECTION('ref_axis',(-1.,-2.63991253273027E-31,2.2186712959341E-31));
#1909=DIRECTION('',(1.72654869311284E-31,0.17364817766693,0.984807753012208));
#1910=DIRECTION('center_axis',(-2.98507455688774E-31,0.984807753012208,
-0.17364817766693));
#1911=DIRECTION('ref_axis',(-1.,-2.63991253273027E-31,2.2186712959341E-31));
#1912=DIRECTION('',(1.72654869311284E-31,0.17364817766693,0.984807753012208));
#1913=DIRECTION('center_axis',(-1.72654869311284E-31,-0.17364817766693,
-0.984807753012208));
#1914=DIRECTION('ref_axis',(-2.98507455688774E-31,0.984807753012208,-0.17364817766693));
#1915=DIRECTION('',(1.72654869311284E-31,0.17364817766693,0.984807753012208));
#1916=DIRECTION('center_axis',(1.,2.63991253273027E-31,-2.2186712959341E-31));
#1917=DIRECTION('ref_axis',(-2.98507455688774E-31,0.984807753012208,-0.17364817766693));
#1918=DIRECTION('',(1.72654869311284E-31,0.17364817766693,0.984807753012208));
#1919=DIRECTION('center_axis',(-1.72654869311284E-31,-0.17364817766693,
-0.984807753012208));
#1920=DIRECTION('ref_axis',(1.,2.63991253273027E-31,-2.2186712959341E-31));
#1921=DIRECTION('',(1.72654869311284E-31,0.17364817766693,0.984807753012208));
#1922=DIRECTION('center_axis',(8.54017711250126E-17,-0.984807753012208,
0.17364817766693));
#1923=DIRECTION('ref_axis',(1.,8.41043263248866E-17,-1.48298619253869E-17));
#1924=DIRECTION('',(1.72654869311284E-31,0.17364817766693,0.984807753012208));
#1925=DIRECTION('center_axis',(-1.72654869311284E-31,-0.17364817766693,
-0.984807753012208));
#1926=DIRECTION('ref_axis',(2.98507455688774E-31,-0.984807753012208,0.17364817766693));
#1927=DIRECTION('center_axis',(-1.,-2.63991253273027E-31,2.2186712959341E-31));
#1928=DIRECTION('ref_axis',(2.98507455688774E-31,-0.984807753012208,0.17364817766693));
#1929=DIRECTION('',(1.72654869311284E-31,0.17364817766693,0.984807753012208));
#1930=DIRECTION('',(1.72654869311284E-31,0.17364817766693,0.984807753012208));
#1931=DIRECTION('center_axis',(-1.72654869311284E-31,-0.17364817766693,
-0.984807753012208));
#1932=DIRECTION('ref_axis',(-1.,-2.63991253273027E-31,2.2186712959341E-31));
#1933=DIRECTION('',(1.72654869311284E-31,0.17364817766693,0.984807753012208));
#1934=DIRECTION('center_axis',(-2.98507455688774E-31,0.984807753012208,
-0.17364817766693));
#1935=DIRECTION('ref_axis',(-1.,-2.63991253273027E-31,2.2186712959341E-31));
#1936=DIRECTION('',(1.72654869311284E-31,0.17364817766693,0.984807753012208));
#1937=DIRECTION('center_axis',(-1.72654869311284E-31,-0.17364817766693,
-0.984807753012208));
#1938=DIRECTION('ref_axis',(-2.98507455688774E-31,0.984807753012208,-0.17364817766693));
#1939=DIRECTION('',(1.72654869311284E-31,0.17364817766693,0.984807753012208));
#1940=DIRECTION('center_axis',(1.,2.63991253273027E-31,-2.2186712959341E-31));
#1941=DIRECTION('ref_axis',(-2.98507455688774E-31,0.984807753012208,-0.17364817766693));
#1942=DIRECTION('',(1.72654869311284E-31,0.17364817766693,0.984807753012208));
#1943=DIRECTION('center_axis',(-1.72654869311284E-31,-0.17364817766693,
-0.984807753012208));
#1944=DIRECTION('ref_axis',(1.,2.63991253273027E-31,-2.2186712959341E-31));
#1945=DIRECTION('',(1.72654869311284E-31,0.17364817766693,0.984807753012208));
#1946=DIRECTION('center_axis',(2.98507455688774E-31,-0.984807753012208,
0.17364817766693));
#1947=DIRECTION('ref_axis',(1.,2.63991253273027E-31,-2.2186712959341E-31));
#1948=DIRECTION('',(1.72654869311284E-31,0.17364817766693,0.984807753012208));
#1949=DIRECTION('center_axis',(-1.72654869311284E-31,-0.17364817766693,
-0.984807753012208));
#1950=DIRECTION('ref_axis',(2.98507455688774E-31,-0.984807753012208,0.17364817766693));
#1951=DIRECTION('center_axis',(-1.,-2.63991253273027E-31,2.2186712959341E-31));
#1952=DIRECTION('ref_axis',(2.98507455688774E-31,-0.984807753012208,0.17364817766693));
#1953=DIRECTION('',(1.72654869311284E-31,0.17364817766693,0.984807753012208));
#1954=DIRECTION('',(1.72654869311284E-31,0.17364817766693,0.984807753012208));
#1955=DIRECTION('center_axis',(-1.72654869311284E-31,-0.17364817766693,
-0.984807753012208));
#1956=DIRECTION('ref_axis',(-1.,-2.63991253273027E-31,2.2186712959341E-31));
#1957=DIRECTION('',(1.72654869311284E-31,0.17364817766693,0.984807753012208));
#1958=DIRECTION('center_axis',(-2.98507455688774E-31,0.984807753012208,
-0.17364817766693));
#1959=DIRECTION('ref_axis',(-1.,-2.63991253273027E-31,2.2186712959341E-31));
#1960=DIRECTION('',(1.72654869311284E-31,0.17364817766693,0.984807753012208));
#1961=DIRECTION('center_axis',(-1.72654869311284E-31,-0.17364817766693,
-0.984807753012208));
#1962=DIRECTION('ref_axis',(-2.98507455688774E-31,0.984807753012208,-0.17364817766693));
#1963=DIRECTION('',(1.72654869311284E-31,0.17364817766693,0.984807753012208));
#1964=DIRECTION('center_axis',(1.,2.63991253273027E-31,-2.2186712959341E-31));
#1965=DIRECTION('ref_axis',(-2.98507455688774E-31,0.984807753012208,-0.17364817766693));
#1966=DIRECTION('',(1.72654869311284E-31,0.17364817766693,0.984807753012208));
#1967=DIRECTION('center_axis',(-1.72654869311284E-31,-0.17364817766693,
-0.984807753012208));
#1968=DIRECTION('ref_axis',(1.,2.63991253273027E-31,-2.2186712959341E-31));
#1969=DIRECTION('',(1.72654869311284E-31,0.17364817766693,0.984807753012208));
#1970=DIRECTION('center_axis',(8.54017711250126E-17,-0.984807753012208,
0.17364817766693));
#1971=DIRECTION('ref_axis',(1.,8.41043263248866E-17,-1.48298619253869E-17));
#1972=DIRECTION('',(1.72654869311284E-31,0.17364817766693,0.984807753012208));
#1973=DIRECTION('center_axis',(-1.72654869311284E-31,-0.17364817766693,
-0.984807753012208));
#1974=DIRECTION('ref_axis',(2.98507455688774E-31,-0.984807753012208,0.17364817766693));
#1975=DIRECTION('center_axis',(-1.,-2.63991253273027E-31,2.2186712959341E-31));
#1976=DIRECTION('ref_axis',(2.98507455688774E-31,-0.984807753012208,0.17364817766693));
#1977=DIRECTION('',(1.72654869311284E-31,0.17364817766693,0.984807753012208));
#1978=DIRECTION('',(1.72654869311284E-31,0.17364817766693,0.984807753012208));
#1979=DIRECTION('center_axis',(-1.72654869311284E-31,-0.17364817766693,
-0.984807753012208));
#1980=DIRECTION('ref_axis',(-1.,-2.63991253273027E-31,2.2186712959341E-31));
#1981=DIRECTION('',(1.72654869311284E-31,0.17364817766693,0.984807753012208));
#1982=DIRECTION('center_axis',(-2.98507455688774E-31,0.984807753012208,
-0.17364817766693));
#1983=DIRECTION('ref_axis',(-1.,-2.63991253273027E-31,2.2186712959341E-31));
#1984=DIRECTION('',(1.72654869311284E-31,0.17364817766693,0.984807753012208));
#1985=DIRECTION('center_axis',(-1.72654869311284E-31,-0.17364817766693,
-0.984807753012208));
#1986=DIRECTION('ref_axis',(-2.98507455688774E-31,0.984807753012208,-0.17364817766693));
#1987=DIRECTION('',(1.72654869311284E-31,0.17364817766693,0.984807753012208));
#1988=DIRECTION('center_axis',(1.,2.63991253273027E-31,-2.2186712959341E-31));
#1989=DIRECTION('ref_axis',(-2.98507455688774E-31,0.984807753012208,-0.17364817766693));
#1990=DIRECTION('',(1.72654869311284E-31,0.17364817766693,0.984807753012208));
#1991=DIRECTION('center_axis',(-1.72654869311284E-31,-0.17364817766693,
-0.984807753012208));
#1992=DIRECTION('ref_axis',(1.,2.63991253273027E-31,-2.2186712959341E-31));
#1993=DIRECTION('',(1.72654869311284E-31,0.17364817766693,0.984807753012208));
#1994=DIRECTION('center_axis',(1.70803542250025E-16,-0.984807753012208,
0.17364817766693));
#1995=DIRECTION('ref_axis',(1.,1.68208652649773E-16,-2.96597238507735E-17));
#1996=DIRECTION('',(1.72654869311284E-31,0.17364817766693,0.984807753012208));
#1997=DIRECTION('center_axis',(-1.72654869311284E-31,-0.17364817766693,
-0.984807753012208));
#1998=DIRECTION('ref_axis',(2.98507455688774E-31,-0.984807753012208,0.17364817766693));
#1999=CARTESIAN_POINT('',(0.,0.,0.));
#2000=CARTESIAN_POINT('Origin',(75.5991730051029,5.91970240825264,10.3847351310842));
#2001=CARTESIAN_POINT('',(73.0991730051029,5.91970240825264,10.3847351310842));
#2002=CARTESIAN_POINT('Origin',(75.5991730051029,5.91970240825264,10.3847351310842));
#2003=CARTESIAN_POINT('',(74.1491730051029,5.91970240825264,10.3847351310842));
#2004=CARTESIAN_POINT('Origin',(75.5991730051029,5.91970240825264,10.3847351310842));
#2005=CARTESIAN_POINT('Origin',(75.5991730051029,5.91970240825265,20.3847351310842));
#2006=CARTESIAN_POINT('',(74.1491730051029,5.91970240825266,24.5831186561994));
#2007=CARTESIAN_POINT('Origin',(75.5991730051029,5.91970240825266,24.5831186561994));
#2008=CARTESIAN_POINT('',(74.1491730051029,5.91970240825265,20.3847351310842));
#2009=CARTESIAN_POINT('Origin',(75.5991730051029,5.91970240825265,20.3847351310842));
#2010=CARTESIAN_POINT('',(73.0991730051029,5.91970240825266,24.5831186561994));
#2011=CARTESIAN_POINT('Origin',(75.5991730051029,5.91970240825266,24.5831186561994));
#2012=CARTESIAN_POINT('',(73.0991730051029,5.91970240825266,20.3847351310842));
#2013=CARTESIAN_POINT('Origin',(59.8140768361878,27.0709376328871,20.853585210785));
#2014=CARTESIAN_POINT('Origin',(69.5913562840271,18.0153089386087,23.4657634887498));
#2015=CARTESIAN_POINT('',(66.1913562840271,17.8416607609417,22.4809557357376));
#2016=CARTESIAN_POINT('Origin',(69.5913562840271,17.8416607609417,22.4809557357376));
#2017=CARTESIAN_POINT('',(66.1913562840271,18.0153089386087,23.4657634887498));
#2018=CARTESIAN_POINT('',(66.1913562840271,18.0153089386087,23.4657634887498));
#2019=CARTESIAN_POINT('Origin',(69.5913562840271,18.0153089386087,23.4657634887498));
#2020=CARTESIAN_POINT('Origin',(69.5913562840271,-2.66565387464774,27.1123752197554));
#2021=CARTESIAN_POINT('',(66.1913562840271,-2.83930205231467,26.1275674667432));
#2022=CARTESIAN_POINT('Origin',(69.5913562840271,-2.83930205231467,26.1275674667432));
#2023=CARTESIAN_POINT('',(66.1913562840271,-2.66565387464774,27.1123752197554));
#2024=CARTESIAN_POINT('',(66.1913562840271,-2.66565387464774,27.1123752197554));
#2025=CARTESIAN_POINT('Origin',(69.5913562840271,-2.66565387464774,27.1123752197554));
#2026=CARTESIAN_POINT('Origin',(2.1675316846838,-10.6087262379188,12.8847351310843));
#2027=CARTESIAN_POINT('',(2.16407683618804,-12.7125160509419,12.8847351310843));
#2028=CARTESIAN_POINT('',(4.67038635358358,-12.7125160509419,12.8847351310843));
#2029=CARTESIAN_POINT('',(3.16895901104969,-12.7125160509419,12.8847351310843));
#2030=CARTESIAN_POINT('',(0.164076836188035,-10.6816628271704,12.8847351310843));
#2031=CARTESIAN_POINT('Origin',(2.16407683618804,-10.6816628271704,12.8847351310843));
#2032=CARTESIAN_POINT('',(0.164076836188036,-8.0175974216249,12.8847351310843));
#2033=CARTESIAN_POINT('',(0.164076836188044,29.7299185660201,12.8847351310843));
#2034=CARTESIAN_POINT('',(2.30409805074562,-8.00221757310021,12.8847351310843));
#2035=CARTESIAN_POINT('',(1.15464542956069,-8.01047842915148,12.8847351310843));
#2036=CARTESIAN_POINT('',(4.67098645719,-10.3527545081913,12.8847351310843));
#2037=CARTESIAN_POINT('Origin',(2.32098653317958,-10.3521568870318,12.8847351310843));
#2038=CARTESIAN_POINT('',(4.67095382855383,-10.4810586876494,12.8847351310843));
#2039=CARTESIAN_POINT('',(3.77098653317958,-10.3521568870318,12.8847351310843));
#2040=CARTESIAN_POINT('Origin',(2.32098653317958,-10.3521568870318,12.8847351310843));
#2041=CARTESIAN_POINT('Origin',(4.17038563055996,-12.7152955888059,27.8847351310843));
#2042=CARTESIAN_POINT('',(4.17038563055996,-12.7152955888059,27.868971588529));
#2043=CARTESIAN_POINT('',(4.17038633741558,-12.7125160509419,27.8847351310843));
#2044=CARTESIAN_POINT('',(4.17023200250586,-13.3194005634973,24.4429220284215));
#2045=CARTESIAN_POINT('',(4.17038633741558,-12.7125160509419,27.8684814810097));
#2046=CARTESIAN_POINT('',(4.17038633741558,-12.7125160509419,27.8847351310843));
#2047=CARTESIAN_POINT('',(4.17590043549209,8.97033411805201,24.0452099775569));
#2048=CARTESIAN_POINT('Ctrl Pts',(0.164076836188037,-10.6816628271704,27.8847351310843));
#2049=CARTESIAN_POINT('Ctrl Pts',(0.164076836188029,-12.7125160509419,27.8847351310843));
#2050=CARTESIAN_POINT('Ctrl Pts',(2.16407683618803,-12.7125160509419,27.8847351310843));
#2051=CARTESIAN_POINT('Ctrl Pts',(0.164076836188037,-10.6816628271704,12.8847351310843));
#2052=CARTESIAN_POINT('Ctrl Pts',(0.164076836188029,-12.7125160509419,12.8847351310843));
#2053=CARTESIAN_POINT('Ctrl Pts',(2.16407683618803,-12.7125160509419,12.8847351310843));
#2054=CARTESIAN_POINT('',(2.16407683618804,-12.7125160509419,27.8847351310843));
#2055=CARTESIAN_POINT('',(0.164076836188035,-10.6816628271704,27.8847351310843));
#2056=CARTESIAN_POINT('Origin',(2.16407683618804,-10.6816628271704,27.8847351310843));
#2057=CARTESIAN_POINT('',(0.164076836188035,-10.6816628271704,27.8847351310843));
#2058=CARTESIAN_POINT('',(2.16407683618804,-12.7125160509419,17.8847351310843));
#2059=CARTESIAN_POINT('Origin',(4.17038633741558,-12.7125160509419,27.8847351310843));
#2060=CARTESIAN_POINT('',(30.9908042604358,-12.7125160509419,27.8847351310843));
#2061=CARTESIAN_POINT('',(4.67038635358357,-12.7125160509419,27.8684814810097));
#2062=CARTESIAN_POINT('',(4.67038635358358,-12.7125160509419,24.1347351310843));
#2063=CARTESIAN_POINT('',(31.9922315868017,-12.7125160509419,27.8684814810097));
#2064=CARTESIAN_POINT('Origin',(2.16407683618804,27.8471271488291,21.2244353629243));
#2065=CARTESIAN_POINT('',(0.164076836188035,27.7603030599957,20.7320314864182));
#2066=CARTESIAN_POINT('',(2.16407683618804,29.7299185660201,20.3847351310843));
#2067=CARTESIAN_POINT('Origin',(2.16407683618804,27.7603030599957,20.7320314864182));
#2068=CARTESIAN_POINT('',(0.164076836188035,27.9339512376626,21.7168392394304));
#2069=CARTESIAN_POINT('',(0.164076836188035,27.8471271488291,21.2244353629243));
#2070=CARTESIAN_POINT('',(2.16407683618804,29.903566743687,21.3695428840965));
#2071=CARTESIAN_POINT('Origin',(2.16407683618804,27.9339512376626,21.7168392394305));
#2072=CARTESIAN_POINT('',(2.16407683618804,29.8167426548536,20.8771390075905));
#2073=CARTESIAN_POINT('Origin',(0.164076836188035,-10.4502377568779,27.469580779895));
#2074=CARTESIAN_POINT('',(0.164076836188035,-10.5720319051146,28.5064829862073));
#2075=CARTESIAN_POINT('',(0.164076836188035,-10.7456800827815,27.5216752331951));
#2076=CARTESIAN_POINT('',(0.164076836188035,-10.2765895792109,28.4543885329073));
#2077=CARTESIAN_POINT('',(0.164076836188035,-8.0175974216249,27.0406406544303));
#2078=CARTESIAN_POINT('',(0.164076836188035,8.31034993800464,24.16158299534));
#2079=CARTESIAN_POINT('',(0.164076836188035,-8.0175974216249,23.9271579554897));
#2080=CARTESIAN_POINT('Origin',(59.8140768361878,-10.2765895792109,28.4543885329073));
#2081=CARTESIAN_POINT('',(2.16407683618804,-12.541647411139,28.8537793415412));
#2082=CARTESIAN_POINT('Origin',(2.16407683618804,-10.5720319051146,28.5064829862073));
#2083=CARTESIAN_POINT('',(76.5709873452929,-12.541647411139,28.8537793415412));
#2084=CARTESIAN_POINT('',(59.8140768361878,-12.541647411139,28.8537793415412));
#2085=CARTESIAN_POINT('',(78.5709873452929,-10.5720319051146,28.5064829862073));
#2086=CARTESIAN_POINT('Origin',(76.5709873452929,-10.5720319051146,28.5064829862073));
#2087=CARTESIAN_POINT('',(78.5709873452929,27.9339512376626,21.7168392394304));
#2088=CARTESIAN_POINT('',(78.5709873452929,-11.2310556885238,28.6226866601509));
#2089=CARTESIAN_POINT('',(76.5709873452929,29.903566743687,21.3695428840965));
#2090=CARTESIAN_POINT('Origin',(76.5709873452929,27.9339512376626,21.7168392394305));
#2091=CARTESIAN_POINT('',(59.8140768361878,29.903566743687,21.3695428840965));
#2092=CARTESIAN_POINT('',(24.239076836188,11.4630415685335,24.6211050109098));
#2093=CARTESIAN_POINT('',(24.739076836188,10.9706376920274,24.7079290997433));
#2094=CARTESIAN_POINT('Origin',(24.739076836188,11.4630415685335,24.6211050109098));
#2095=CARTESIAN_POINT('',(24.239076836188,24.2655423576921,22.3636787012397));
#2096=CARTESIAN_POINT('',(24.239076836188,11.4630415685335,24.6211050109098));
#2097=CARTESIAN_POINT('',(24.739076836188,24.7579462341982,22.2768546124062));
#2098=CARTESIAN_POINT('Origin',(24.739076836188,24.2655423576921,22.3636787012397));
#2099=CARTESIAN_POINT('',(37.7390768361879,24.7579462341982,22.2768546124062));
#2100=CARTESIAN_POINT('',(24.739076836188,24.7579462341982,22.2768546124062));
#2101=CARTESIAN_POINT('',(38.2390768361879,24.2655423576921,22.3636787012397));
#2102=CARTESIAN_POINT('Origin',(37.7390768361879,24.2655423576921,22.3636787012397));
#2103=CARTESIAN_POINT('',(38.2390768361879,11.4630415685335,24.6211050109098));
#2104=CARTESIAN_POINT('',(38.2390768361879,11.4630415685335,24.6211050109098));
#2105=CARTESIAN_POINT('',(37.7390768361879,10.9706376920274,24.7079290997433));
#2106=CARTESIAN_POINT('Origin',(37.7390768361879,11.4630415685335,24.6211050109098));
#2107=CARTESIAN_POINT('',(24.739076836188,10.9706376920274,24.7079290997433));
#2108=CARTESIAN_POINT('',(43.2890768361879,-7.297546126349,27.9291027954648));
#2109=CARTESIAN_POINT('',(43.7890768361879,-7.78995000285511,28.0159268842983));
#2110=CARTESIAN_POINT('Origin',(43.7890768361879,-7.297546126349,27.9291027954648));
#2111=CARTESIAN_POINT('',(43.2890768361879,5.50495466280965,25.6716764857947));
#2112=CARTESIAN_POINT('',(43.2890768361879,-7.297546126349,27.9291027954648));
#2113=CARTESIAN_POINT('',(43.7890768361879,5.99735853931575,25.5848523969612));
#2114=CARTESIAN_POINT('Origin',(43.7890768361879,5.50495466280965,25.6716764857947));
#2115=CARTESIAN_POINT('',(56.7890768361878,5.99735853931575,25.5848523969612));
#2116=CARTESIAN_POINT('',(43.7890768361879,5.99735853931575,25.5848523969612));
#2117=CARTESIAN_POINT('',(57.2890768361878,5.50495466280965,25.6716764857947));
#2118=CARTESIAN_POINT('Origin',(56.7890768361878,5.50495466280965,25.6716764857947));
#2119=CARTESIAN_POINT('',(57.2890768361878,-7.297546126349,27.9291027954648));
#2120=CARTESIAN_POINT('',(57.2890768361878,-7.297546126349,27.9291027954648));
#2121=CARTESIAN_POINT('',(56.7890768361878,-7.7899500028551,28.0159268842983));
#2122=CARTESIAN_POINT('Origin',(56.7890768361878,-7.297546126349,27.9291027954648));
#2123=CARTESIAN_POINT('',(43.7890768361879,-7.78995000285511,28.0159268842983));
#2124=CARTESIAN_POINT('',(5.18907683618805,11.4630415685335,24.6211050109098));
#2125=CARTESIAN_POINT('',(5.68907683618805,10.9706376920274,24.7079290997433));
#2126=CARTESIAN_POINT('Origin',(5.68907683618805,11.4630415685335,24.6211050109098));
#2127=CARTESIAN_POINT('',(5.18907683618805,24.2655423576921,22.3636787012397));
#2128=CARTESIAN_POINT('',(5.18907683618805,11.4630415685335,24.6211050109098));
#2129=CARTESIAN_POINT('',(5.68907683618805,24.7579462341982,22.2768546124062));
#2130=CARTESIAN_POINT('Origin',(5.68907683618805,24.2655423576921,22.3636787012397));
#2131=CARTESIAN_POINT('',(18.689076836188,24.7579462341982,22.2768546124062));
#2132=CARTESIAN_POINT('',(5.68907683618805,24.7579462341982,22.2768546124062));
#2133=CARTESIAN_POINT('',(19.189076836188,24.2655423576921,22.3636787012397));
#2134=CARTESIAN_POINT('Origin',(18.689076836188,24.2655423576921,22.3636787012397));
#2135=CARTESIAN_POINT('',(19.189076836188,11.4630415685335,24.6211050109098));
#2136=CARTESIAN_POINT('',(19.189076836188,11.4630415685335,24.6211050109098));
#2137=CARTESIAN_POINT('',(18.689076836188,10.9706376920274,24.7079290997433));
#2138=CARTESIAN_POINT('Origin',(18.689076836188,11.4630415685335,24.6211050109098));
#2139=CARTESIAN_POINT('',(5.68907683618805,10.9706376920274,24.7079290997433));
#2140=CARTESIAN_POINT('',(24.239076836188,-7.297546126349,27.9291027954648));
#2141=CARTESIAN_POINT('',(24.739076836188,-7.78995000285511,28.0159268842983));
#2142=CARTESIAN_POINT('Origin',(24.739076836188,-7.297546126349,27.9291027954648));
#2143=CARTESIAN_POINT('',(24.239076836188,5.50495466280964,25.6716764857947));
#2144=CARTESIAN_POINT('',(24.239076836188,-7.297546126349,27.9291027954648));
#2145=CARTESIAN_POINT('',(24.739076836188,5.99735853931574,25.5848523969613));
#2146=CARTESIAN_POINT('Origin',(24.739076836188,5.50495466280964,25.6716764857947));
#2147=CARTESIAN_POINT('',(37.7390768361879,5.99735853931575,25.5848523969612));
#2148=CARTESIAN_POINT('',(24.739076836188,5.99735853931575,25.5848523969612));
#2149=CARTESIAN_POINT('',(38.2390768361879,5.50495466280965,25.6716764857947));
#2150=CARTESIAN_POINT('Origin',(37.7390768361879,5.50495466280965,25.6716764857947));
#2151=CARTESIAN_POINT('',(38.2390768361879,-7.297546126349,27.9291027954648));
#2152=CARTESIAN_POINT('',(38.2390768361879,-7.297546126349,27.9291027954648));
#2153=CARTESIAN_POINT('',(37.7390768361879,-7.78995000285511,28.0159268842983));
#2154=CARTESIAN_POINT('Origin',(37.7390768361879,-7.297546126349,27.9291027954648));
#2155=CARTESIAN_POINT('',(24.739076836188,-7.78995000285511,28.0159268842983));
#2156=CARTESIAN_POINT('',(43.2890768361879,11.4630415685335,24.6211050109098));
#2157=CARTESIAN_POINT('',(43.7890768361879,10.9706376920274,24.7079290997433));
#2158=CARTESIAN_POINT('Origin',(43.7890768361879,11.4630415685335,24.6211050109098));
#2159=CARTESIAN_POINT('',(43.2890768361879,24.2655423576921,22.3636787012397));
#2160=CARTESIAN_POINT('',(43.2890768361879,11.4630415685335,24.6211050109098));
#2161=CARTESIAN_POINT('',(43.7890768361879,24.7579462341982,22.2768546124062));
#2162=CARTESIAN_POINT('Origin',(43.7890768361879,24.2655423576921,22.3636787012397));
#2163=CARTESIAN_POINT('',(56.7890768361878,24.7579462341982,22.2768546124062));
#2164=CARTESIAN_POINT('',(43.7890768361879,24.7579462341982,22.2768546124062));
#2165=CARTESIAN_POINT('',(57.2890768361878,24.2655423576921,22.3636787012397));
#2166=CARTESIAN_POINT('Origin',(56.7890768361878,24.2655423576921,22.3636787012397));
#2167=CARTESIAN_POINT('',(57.2890768361878,11.4630415685335,24.6211050109098));
#2168=CARTESIAN_POINT('',(57.2890768361878,11.4630415685335,24.6211050109098));
#2169=CARTESIAN_POINT('',(56.7890768361878,10.9706376920274,24.7079290997433));
#2170=CARTESIAN_POINT('Origin',(56.7890768361878,11.4630415685335,24.6211050109098));
#2171=CARTESIAN_POINT('',(43.7890768361879,10.9706376920274,24.7079290997433));
#2172=CARTESIAN_POINT('',(5.18907683618805,-7.29754612634901,27.9291027954648));
#2173=CARTESIAN_POINT('',(5.68907683618805,-7.78995000285511,28.0159268842983));
#2174=CARTESIAN_POINT('Origin',(5.68907683618805,-7.29754612634901,27.9291027954648));
#2175=CARTESIAN_POINT('',(5.18907683618805,5.50495466280964,25.6716764857947));
#2176=CARTESIAN_POINT('',(5.18907683618805,-7.29754612634901,27.9291027954648));
#2177=CARTESIAN_POINT('',(5.68907683618805,5.99735853931575,25.5848523969612));
#2178=CARTESIAN_POINT('Origin',(5.68907683618805,5.50495466280964,25.6716764857947));
#2179=CARTESIAN_POINT('',(18.689076836188,5.99735853931574,25.5848523969613));
#2180=CARTESIAN_POINT('',(5.68907683618805,5.99735853931574,25.5848523969613));
#2181=CARTESIAN_POINT('',(19.189076836188,5.50495466280964,25.6716764857947));
#2182=CARTESIAN_POINT('Origin',(18.689076836188,5.50495466280964,25.6716764857947));
#2183=CARTESIAN_POINT('',(19.189076836188,-7.29754612634901,27.9291027954648));
#2184=CARTESIAN_POINT('',(19.189076836188,-7.29754612634901,27.9291027954648));
#2185=CARTESIAN_POINT('',(18.689076836188,-7.78995000285511,28.0159268842983));
#2186=CARTESIAN_POINT('Origin',(18.689076836188,-7.29754612634901,27.9291027954648));
#2187=CARTESIAN_POINT('',(5.68907683618805,-7.78995000285511,28.0159268842983));
#2188=CARTESIAN_POINT('Origin',(76.5709873452929,26.2408815054101,12.1149636475614));
#2189=CARTESIAN_POINT('',(78.5709873452929,27.7603030599957,20.7320314864182));
#2190=CARTESIAN_POINT('',(78.5709873452929,26.2408815054101,12.1149636475614));
#2191=CARTESIAN_POINT('',(76.5709873452929,29.7299185660201,20.3847351310843));
#2192=CARTESIAN_POINT('Origin',(76.5709873452929,27.7603030599957,20.7320314864182));
#2193=CARTESIAN_POINT('',(76.5709873452929,28.2104970114345,11.7676672922275));
#2194=CARTESIAN_POINT('Origin',(78.5709873452929,-15.5716612623418,9.58723360365659));
#2195=CARTESIAN_POINT('',(78.5709873452929,-10.7456800827815,27.5216752331951));
#2196=CARTESIAN_POINT('',(78.5709873452929,-12.3519257262007,18.4122035178322));
#2197=CARTESIAN_POINT('',(78.5709873452929,7.35588382869177,24.3298811225837));
#2198=CARTESIAN_POINT('Origin',(59.8140768361878,27.0709376328871,20.853585210785));
#2199=CARTESIAN_POINT('',(59.8140768361878,29.7299185660201,20.3847351310843));
#2200=CARTESIAN_POINT('',(76.5709873452929,-12.7152955888059,27.868971588529));
#2201=CARTESIAN_POINT('Origin',(76.5709873452929,-10.7456800827814,27.5216752331955));
#2202=CARTESIAN_POINT('',(59.8140768361878,-12.7152955888059,27.868971588529));
#2203=CARTESIAN_POINT('',(4.67098645719,-10.3527545081913,27.4523918529845));
#2204=CARTESIAN_POINT('',(4.67590042029913,8.97021079875887,24.0452317220756));
#2205=CARTESIAN_POINT('',(2.30409805074562,-8.00221757310021,27.0379287721762));
#2206=CARTESIAN_POINT('Origin',(2.32098653317958,-10.3521568870318,27.4522864762498));
#2207=CARTESIAN_POINT('',(30.1199089068701,-7.80231163074393,27.0026799609348));
#2208=CARTESIAN_POINT('',(5.18907683618805,-7.47119430401594,26.9442950424526));
#2209=CARTESIAN_POINT('',(5.68907683618805,-7.96359818052204,27.0311191312861));
#2210=CARTESIAN_POINT('Origin',(5.68907683618805,-7.47119430401594,26.9442950424526));
#2211=CARTESIAN_POINT('',(18.689076836188,-7.96359818052204,27.0311191312861));
#2212=CARTESIAN_POINT('',(5.68907683618805,-7.96359818052204,27.0311191312861));
#2213=CARTESIAN_POINT('',(19.189076836188,-7.47119430401594,26.9442950424526));
#2214=CARTESIAN_POINT('Origin',(18.689076836188,-7.47119430401594,26.9442950424526));
#2215=CARTESIAN_POINT('',(19.189076836188,5.33130648514271,24.6868687327825));
#2216=CARTESIAN_POINT('',(19.189076836188,-7.47119430401594,26.9442950424526));
#2217=CARTESIAN_POINT('',(18.689076836188,5.82371036164881,24.600044643949));
#2218=CARTESIAN_POINT('Origin',(18.689076836188,5.33130648514271,24.6868687327825));
#2219=CARTESIAN_POINT('',(5.68907683618805,5.82371036164882,24.600044643949));
#2220=CARTESIAN_POINT('',(5.68907683618805,5.82371036164881,24.600044643949));
#2221=CARTESIAN_POINT('',(5.18907683618805,5.33130648514271,24.6868687327825));
#2222=CARTESIAN_POINT('Origin',(5.68907683618805,5.33130648514271,24.6868687327825));
#2223=CARTESIAN_POINT('',(5.18907683618805,-7.47119430401594,26.9442950424526));
#2224=CARTESIAN_POINT('',(43.2890768361879,11.2893933908665,23.6362972578976));
#2225=CARTESIAN_POINT('',(43.7890768361879,10.7969895143604,23.723121346731));
#2226=CARTESIAN_POINT('Origin',(43.7890768361879,11.2893933908665,23.6362972578976));
#2227=CARTESIAN_POINT('',(56.7890768361878,10.7969895143605,23.723121346731));
#2228=CARTESIAN_POINT('',(43.7890768361879,10.7969895143604,23.723121346731));
#2229=CARTESIAN_POINT('',(57.2890768361878,11.2893933908666,23.6362972578976));
#2230=CARTESIAN_POINT('Origin',(56.7890768361878,11.2893933908665,23.6362972578976));
#2231=CARTESIAN_POINT('',(57.2890768361878,24.0918941800252,21.3788709482275));
#2232=CARTESIAN_POINT('',(57.2890768361878,11.2893933908666,23.6362972578976));
#2233=CARTESIAN_POINT('',(56.7890768361878,24.5842980565313,21.292046859394));
#2234=CARTESIAN_POINT('Origin',(56.7890768361878,24.0918941800252,21.3788709482275));
#2235=CARTESIAN_POINT('',(43.7890768361879,24.5842980565313,21.292046859394));
#2236=CARTESIAN_POINT('',(43.7890768361879,24.5842980565313,21.292046859394));
#2237=CARTESIAN_POINT('',(43.2890768361879,24.0918941800252,21.3788709482275));
#2238=CARTESIAN_POINT('Origin',(43.7890768361879,24.0918941800252,21.3788709482275));
#2239=CARTESIAN_POINT('',(43.2890768361879,11.2893933908665,23.6362972578976));
#2240=CARTESIAN_POINT('',(24.239076836188,-7.47119430401594,26.9442950424526));
#2241=CARTESIAN_POINT('',(24.739076836188,-7.96359818052204,27.0311191312861));
#2242=CARTESIAN_POINT('Origin',(24.739076836188,-7.47119430401594,26.9442950424526));
#2243=CARTESIAN_POINT('',(37.7390768361879,-7.96359818052205,27.0311191312861));
#2244=CARTESIAN_POINT('',(24.739076836188,-7.96359818052204,27.0311191312861));
#2245=CARTESIAN_POINT('',(38.2390768361879,-7.47119430401593,26.9442950424526));
#2246=CARTESIAN_POINT('Origin',(37.7390768361879,-7.47119430401593,26.9442950424526));
#2247=CARTESIAN_POINT('',(38.2390768361879,5.33130648514272,24.6868687327825));
#2248=CARTESIAN_POINT('',(38.2390768361879,-7.47119430401593,26.9442950424526));
#2249=CARTESIAN_POINT('',(37.7390768361879,5.82371036164882,24.600044643949));
#2250=CARTESIAN_POINT('Origin',(37.7390768361879,5.33130648514272,24.6868687327825));
#2251=CARTESIAN_POINT('',(24.739076836188,5.82371036164881,24.600044643949));
#2252=CARTESIAN_POINT('',(24.739076836188,5.82371036164882,24.600044643949));
#2253=CARTESIAN_POINT('',(24.239076836188,5.33130648514271,24.6868687327825));
#2254=CARTESIAN_POINT('Origin',(24.739076836188,5.33130648514271,24.6868687327825));
#2255=CARTESIAN_POINT('',(24.239076836188,-7.47119430401594,26.9442950424526));
#2256=CARTESIAN_POINT('',(5.18907683618805,11.2893933908665,23.6362972578976));
#2257=CARTESIAN_POINT('',(5.68907683618805,10.7969895143604,23.723121346731));
#2258=CARTESIAN_POINT('Origin',(5.68907683618805,11.2893933908665,23.6362972578976));
#2259=CARTESIAN_POINT('',(18.689076836188,10.7969895143604,23.723121346731));
#2260=CARTESIAN_POINT('',(5.68907683618805,10.7969895143604,23.723121346731));
#2261=CARTESIAN_POINT('',(19.189076836188,11.2893933908665,23.6362972578976));
#2262=CARTESIAN_POINT('Origin',(18.689076836188,11.2893933908665,23.6362972578976));
#2263=CARTESIAN_POINT('',(19.189076836188,24.0918941800252,21.3788709482275));
#2264=CARTESIAN_POINT('',(19.189076836188,11.2893933908665,23.6362972578976));
#2265=CARTESIAN_POINT('',(18.689076836188,24.5842980565313,21.292046859394));
#2266=CARTESIAN_POINT('Origin',(18.689076836188,24.0918941800252,21.3788709482275));
#2267=CARTESIAN_POINT('',(5.68907683618805,24.5842980565313,21.292046859394));
#2268=CARTESIAN_POINT('',(5.68907683618805,24.5842980565313,21.292046859394));
#2269=CARTESIAN_POINT('',(5.18907683618805,24.0918941800252,21.3788709482275));
#2270=CARTESIAN_POINT('Origin',(5.68907683618805,24.0918941800252,21.3788709482275));
#2271=CARTESIAN_POINT('',(5.18907683618805,11.2893933908665,23.6362972578976));
#2272=CARTESIAN_POINT('',(43.2890768361879,-7.47119430401593,26.9442950424526));
#2273=CARTESIAN_POINT('',(43.7890768361879,-7.96359818052204,27.0311191312861));
#2274=CARTESIAN_POINT('Origin',(43.7890768361879,-7.47119430401593,26.9442950424526));
#2275=CARTESIAN_POINT('',(56.7890768361878,-7.96359818052203,27.0311191312861));
#2276=CARTESIAN_POINT('',(43.7890768361879,-7.96359818052204,27.0311191312861));
#2277=CARTESIAN_POINT('',(57.2890768361878,-7.47119430401593,26.9442950424526));
#2278=CARTESIAN_POINT('Origin',(56.7890768361878,-7.47119430401593,26.9442950424526));
#2279=CARTESIAN_POINT('',(57.2890768361878,5.33130648514272,24.6868687327825));
#2280=CARTESIAN_POINT('',(57.2890768361878,-7.47119430401593,26.9442950424526));
#2281=CARTESIAN_POINT('',(56.7890768361878,5.82371036164882,24.600044643949));
#2282=CARTESIAN_POINT('Origin',(56.7890768361878,5.33130648514272,24.6868687327825));
#2283=CARTESIAN_POINT('',(43.7890768361879,5.82371036164882,24.600044643949));
#2284=CARTESIAN_POINT('',(43.7890768361879,5.82371036164882,24.600044643949));
#2285=CARTESIAN_POINT('',(43.2890768361879,5.33130648514272,24.6868687327825));
#2286=CARTESIAN_POINT('Origin',(43.7890768361879,5.33130648514272,24.6868687327825));
#2287=CARTESIAN_POINT('',(43.2890768361879,-7.47119430401593,26.9442950424526));
#2288=CARTESIAN_POINT('',(24.239076836188,11.2893933908665,23.6362972578976));
#2289=CARTESIAN_POINT('',(24.739076836188,10.7969895143604,23.723121346731));
#2290=CARTESIAN_POINT('Origin',(24.739076836188,11.2893933908665,23.6362972578976));
#2291=CARTESIAN_POINT('',(37.7390768361879,10.7969895143604,23.7231213467311));
#2292=CARTESIAN_POINT('',(24.739076836188,10.7969895143604,23.723121346731));
#2293=CARTESIAN_POINT('',(38.2390768361879,11.2893933908665,23.6362972578976));
#2294=CARTESIAN_POINT('Origin',(37.7390768361879,11.2893933908665,23.6362972578976));
#2295=CARTESIAN_POINT('',(38.2390768361879,24.0918941800252,21.3788709482275));
#2296=CARTESIAN_POINT('',(38.2390768361879,11.2893933908665,23.6362972578976));
#2297=CARTESIAN_POINT('',(37.7390768361879,24.5842980565313,21.292046859394));
#2298=CARTESIAN_POINT('Origin',(37.7390768361879,24.0918941800252,21.3788709482275));
#2299=CARTESIAN_POINT('',(24.739076836188,24.5842980565313,21.292046859394));
#2300=CARTESIAN_POINT('',(24.739076836188,24.5842980565313,21.292046859394));
#2301=CARTESIAN_POINT('',(24.239076836188,24.0918941800252,21.3788709482275));
#2302=CARTESIAN_POINT('Origin',(24.739076836188,24.0918941800252,21.3788709482275));
#2303=CARTESIAN_POINT('',(24.239076836188,11.2893933908665,23.6362972578976));
#2304=CARTESIAN_POINT('Origin',(76.5709873452929,-12.3519257262007,18.4122035178322));
#2305=CARTESIAN_POINT('',(76.5709873452929,-14.3215412322251,18.7594998731661));
#2306=CARTESIAN_POINT('Origin',(59.8140768361878,-12.7152955888059,27.868971588529));
#2307=CARTESIAN_POINT('',(2.16407683618804,-12.7152955888059,27.868971588529));
#2308=CARTESIAN_POINT('Origin',(2.16407683618804,-10.7456800827815,27.5216752331951));
#2309=CARTESIAN_POINT('Origin',(0.160483542053147,-8.01762324581725,20.3847351310843));
#2310=CARTESIAN_POINT('',(2.30409805074562,-8.00221757310021,20.3847351310843));
#2311=CARTESIAN_POINT('Origin',(2.32098653317958,-10.3521568870318,20.3847351310843));
#2312=CARTESIAN_POINT('',(3.77098653317958,-10.3521568870318,27.4522864762498));
#2313=CARTESIAN_POINT('Origin',(2.32098653317958,-10.3521568870318,27.4522864762498));
#2314=CARTESIAN_POINT('',(3.77098653317958,-10.3521568870318,20.3847351310843));
#2315=CARTESIAN_POINT('Origin',(4.67098645719,-10.3527545081913,20.3847351310843));
#2316=CARTESIAN_POINT('',(4.67098645719,-10.3527545081913,20.3847351310843));
#2317=CARTESIAN_POINT('Origin',(2.32098653317958,-10.3521568870318,20.3847351310843));
#2318=CARTESIAN_POINT('Origin',(59.8140768361878,27.0709376328871,20.853585210785));
#2319=CARTESIAN_POINT('Origin',(59.8140768361878,29.903566743687,21.3695428840965));
#2320=CARTESIAN_POINT('Origin',(5.18907683618805,5.33130648514271,24.6868687327825));
#2321=CARTESIAN_POINT('',(5.18907683618805,5.33130648514271,24.6868687327825));
#2322=CARTESIAN_POINT('',(5.18907683618805,-7.47119430401594,26.9442950424526));
#2323=CARTESIAN_POINT('Origin',(5.68907683618805,5.33130648514271,24.6868687327825));
#2324=CARTESIAN_POINT('',(5.68907683618805,5.82371036164882,24.600044643949));
#2325=CARTESIAN_POINT('Origin',(18.689076836188,5.82371036164881,24.600044643949));
#2326=CARTESIAN_POINT('',(18.689076836188,5.82371036164881,24.600044643949));
#2327=CARTESIAN_POINT('Origin',(18.689076836188,5.33130648514271,24.6868687327825));
#2328=CARTESIAN_POINT('',(19.189076836188,5.33130648514271,24.6868687327825));
#2329=CARTESIAN_POINT('Origin',(19.189076836188,-7.47119430401594,26.9442950424526));
#2330=CARTESIAN_POINT('',(19.189076836188,-7.47119430401594,26.9442950424526));
#2331=CARTESIAN_POINT('Origin',(18.689076836188,-7.47119430401594,26.9442950424526));
#2332=CARTESIAN_POINT('',(18.689076836188,-7.96359818052204,27.0311191312861));
#2333=CARTESIAN_POINT('Origin',(5.68907683618805,-7.96359818052204,27.0311191312861));
#2334=CARTESIAN_POINT('',(5.68907683618805,-7.96359818052204,27.0311191312861));
#2335=CARTESIAN_POINT('Origin',(5.68907683618805,-7.47119430401594,26.9442950424526));
#2336=CARTESIAN_POINT('Origin',(43.2890768361879,24.0918941800252,21.3788709482275));
#2337=CARTESIAN_POINT('',(43.2890768361879,24.0918941800252,21.3788709482275));
#2338=CARTESIAN_POINT('',(43.2890768361879,11.2893933908665,23.6362972578976));
#2339=CARTESIAN_POINT('Origin',(43.7890768361879,24.0918941800252,21.3788709482275));
#2340=CARTESIAN_POINT('',(43.7890768361879,24.5842980565313,21.292046859394));
#2341=CARTESIAN_POINT('Origin',(56.7890768361878,24.5842980565313,21.292046859394));
#2342=CARTESIAN_POINT('',(56.7890768361878,24.5842980565313,21.292046859394));
#2343=CARTESIAN_POINT('Origin',(56.7890768361878,24.0918941800252,21.3788709482275));
#2344=CARTESIAN_POINT('',(57.2890768361878,24.0918941800252,21.3788709482275));
#2345=CARTESIAN_POINT('Origin',(57.2890768361878,11.2893933908666,23.6362972578976));
#2346=CARTESIAN_POINT('',(57.2890768361878,11.2893933908666,23.6362972578976));
#2347=CARTESIAN_POINT('Origin',(56.7890768361878,11.2893933908665,23.6362972578976));
#2348=CARTESIAN_POINT('',(56.7890768361878,10.7969895143605,23.723121346731));
#2349=CARTESIAN_POINT('Origin',(43.7890768361879,10.7969895143604,23.723121346731));
#2350=CARTESIAN_POINT('',(43.7890768361879,10.7969895143604,23.723121346731));
#2351=CARTESIAN_POINT('Origin',(43.7890768361879,11.2893933908665,23.6362972578976));
#2352=CARTESIAN_POINT('Origin',(24.239076836188,5.33130648514271,24.6868687327825));
#2353=CARTESIAN_POINT('',(24.239076836188,5.33130648514271,24.6868687327825));
#2354=CARTESIAN_POINT('',(24.239076836188,-7.47119430401594,26.9442950424526));
#2355=CARTESIAN_POINT('Origin',(24.739076836188,5.33130648514271,24.6868687327825));
#2356=CARTESIAN_POINT('',(24.739076836188,5.82371036164881,24.600044643949));
#2357=CARTESIAN_POINT('Origin',(37.7390768361879,5.82371036164882,24.600044643949));
#2358=CARTESIAN_POINT('',(37.7390768361879,5.82371036164882,24.600044643949));
#2359=CARTESIAN_POINT('Origin',(37.7390768361879,5.33130648514272,24.6868687327825));
#2360=CARTESIAN_POINT('',(38.2390768361879,5.33130648514272,24.6868687327825));
#2361=CARTESIAN_POINT('Origin',(38.2390768361879,-7.47119430401593,26.9442950424526));
#2362=CARTESIAN_POINT('',(38.2390768361879,-7.47119430401593,26.9442950424526));
#2363=CARTESIAN_POINT('Origin',(37.7390768361879,-7.47119430401593,26.9442950424526));
#2364=CARTESIAN_POINT('',(37.7390768361879,-7.96359818052205,27.0311191312861));
#2365=CARTESIAN_POINT('Origin',(24.739076836188,-7.96359818052204,27.0311191312861));
#2366=CARTESIAN_POINT('',(24.739076836188,-7.96359818052204,27.0311191312861));
#2367=CARTESIAN_POINT('Origin',(24.739076836188,-7.47119430401594,26.9442950424526));
#2368=CARTESIAN_POINT('Origin',(5.18907683618805,24.0918941800252,21.3788709482275));
#2369=CARTESIAN_POINT('',(5.18907683618805,24.0918941800252,21.3788709482275));
#2370=CARTESIAN_POINT('',(5.18907683618805,11.2893933908665,23.6362972578976));
#2371=CARTESIAN_POINT('Origin',(5.68907683618805,24.0918941800252,21.3788709482275));
#2372=CARTESIAN_POINT('',(5.68907683618805,24.5842980565313,21.292046859394));
#2373=CARTESIAN_POINT('Origin',(18.689076836188,24.5842980565313,21.292046859394));
#2374=CARTESIAN_POINT('',(18.689076836188,24.5842980565313,21.292046859394));
#2375=CARTESIAN_POINT('Origin',(18.689076836188,24.0918941800252,21.3788709482275));
#2376=CARTESIAN_POINT('',(19.189076836188,24.0918941800252,21.3788709482275));
#2377=CARTESIAN_POINT('Origin',(19.189076836188,11.2893933908665,23.6362972578976));
#2378=CARTESIAN_POINT('',(19.189076836188,11.2893933908665,23.6362972578976));
#2379=CARTESIAN_POINT('Origin',(18.689076836188,11.2893933908665,23.6362972578976));
#2380=CARTESIAN_POINT('',(18.689076836188,10.7969895143604,23.723121346731));
#2381=CARTESIAN_POINT('Origin',(5.68907683618805,10.7969895143604,23.723121346731));
#2382=CARTESIAN_POINT('',(5.68907683618805,10.7969895143604,23.723121346731));
#2383=CARTESIAN_POINT('Origin',(5.68907683618805,11.2893933908665,23.6362972578976));
#2384=CARTESIAN_POINT('Origin',(43.2890768361879,5.33130648514272,24.6868687327825));
#2385=CARTESIAN_POINT('',(43.2890768361879,5.33130648514272,24.6868687327825));
#2386=CARTESIAN_POINT('',(43.2890768361879,-7.47119430401593,26.9442950424526));
#2387=CARTESIAN_POINT('Origin',(43.7890768361879,5.33130648514272,24.6868687327825));
#2388=CARTESIAN_POINT('',(43.7890768361879,5.82371036164882,24.600044643949));
#2389=CARTESIAN_POINT('Origin',(56.7890768361878,5.82371036164882,24.600044643949));
#2390=CARTESIAN_POINT('',(56.7890768361878,5.82371036164882,24.600044643949));
#2391=CARTESIAN_POINT('Origin',(56.7890768361878,5.33130648514272,24.6868687327825));
#2392=CARTESIAN_POINT('',(57.2890768361878,5.33130648514272,24.6868687327825));
#2393=CARTESIAN_POINT('Origin',(57.2890768361878,-7.47119430401593,26.9442950424526));
#2394=CARTESIAN_POINT('',(57.2890768361878,-7.47119430401593,26.9442950424526));
#2395=CARTESIAN_POINT('Origin',(56.7890768361878,-7.47119430401593,26.9442950424526));
#2396=CARTESIAN_POINT('',(56.7890768361878,-7.96359818052203,27.0311191312861));
#2397=CARTESIAN_POINT('Origin',(43.7890768361879,-7.96359818052204,27.0311191312861));
#2398=CARTESIAN_POINT('',(43.7890768361879,-7.96359818052204,27.0311191312861));
#2399=CARTESIAN_POINT('Origin',(43.7890768361879,-7.47119430401593,26.9442950424526));
#2400=CARTESIAN_POINT('Origin',(24.239076836188,24.0918941800252,21.3788709482275));
#2401=CARTESIAN_POINT('',(24.239076836188,24.0918941800252,21.3788709482275));
#2402=CARTESIAN_POINT('',(24.239076836188,11.2893933908665,23.6362972578976));
#2403=CARTESIAN_POINT('Origin',(24.739076836188,24.0918941800252,21.3788709482275));
#2404=CARTESIAN_POINT('',(24.739076836188,24.5842980565313,21.292046859394));
#2405=CARTESIAN_POINT('Origin',(37.7390768361879,24.5842980565313,21.292046859394));
#2406=CARTESIAN_POINT('',(37.7390768361879,24.5842980565313,21.292046859394));
#2407=CARTESIAN_POINT('Origin',(37.7390768361879,24.0918941800252,21.3788709482275));
#2408=CARTESIAN_POINT('',(38.2390768361879,24.0918941800252,21.3788709482275));
#2409=CARTESIAN_POINT('Origin',(38.2390768361879,11.2893933908665,23.6362972578976));
#2410=CARTESIAN_POINT('',(38.2390768361879,11.2893933908665,23.6362972578976));
#2411=CARTESIAN_POINT('Origin',(37.7390768361879,11.2893933908665,23.6362972578976));
#2412=CARTESIAN_POINT('',(37.7390768361879,10.7969895143604,23.7231213467311));
#2413=CARTESIAN_POINT('Origin',(24.739076836188,10.7969895143604,23.723121346731));
#2414=CARTESIAN_POINT('',(24.739076836188,10.7969895143604,23.723121346731));
#2415=CARTESIAN_POINT('Origin',(24.739076836188,11.2893933908665,23.6362972578976));
#2416=UNCERTAINTY_MEASURE_WITH_UNIT(LENGTH_MEASURE(0.01),#2420,
'DISTANCE_ACCURACY_VALUE',
'Maximum model space distance between geometric entities at asserted c
onnectivities');
#2417=UNCERTAINTY_MEASURE_WITH_UNIT(LENGTH_MEASURE(0.01),#2420,
'DISTANCE_ACCURACY_VALUE',
'Maximum model space distance between geometric entities at asserted c
onnectivities');
#2418=(
GEOMETRIC_REPRESENTATION_CONTEXT(3)
GLOBAL_UNCERTAINTY_ASSIGNED_CONTEXT((#2416))
GLOBAL_UNIT_ASSIGNED_CONTEXT((#2420,#2422,#2423))
REPRESENTATION_CONTEXT('','3D')
);
#2419=(
GEOMETRIC_REPRESENTATION_CONTEXT(3)
GLOBAL_UNCERTAINTY_ASSIGNED_CONTEXT((#2417))
GLOBAL_UNIT_ASSIGNED_CONTEXT((#2420,#2422,#2423))
REPRESENTATION_CONTEXT('','3D')
);
#2420=(
LENGTH_UNIT()
NAMED_UNIT(*)
SI_UNIT(.MILLI.,.METRE.)
);
#2421=(
LENGTH_UNIT()
NAMED_UNIT(*)
SI_UNIT($,.METRE.)
);
#2422=(
NAMED_UNIT(*)
PLANE_ANGLE_UNIT()
SI_UNIT($,.RADIAN.)
);
#2423=(
NAMED_UNIT(*)
SI_UNIT($,.STERADIAN.)
SOLID_ANGLE_UNIT()
);
#2424=SHAPE_DEFINITION_REPRESENTATION(#2425,#2426);
#2425=PRODUCT_DEFINITION_SHAPE('',$,#2428);
#2426=SHAPE_REPRESENTATION('',(#1439),#2418);
#2427=PRODUCT_DEFINITION_CONTEXT('part definition',#2432,'design');
#2428=PRODUCT_DEFINITION('2026-09-26-23-21-08-085','FusionComponent',#2429,
#2427);
#2429=PRODUCT_DEFINITION_FORMATION('',$,#2434);
#2430=PRODUCT_RELATED_PRODUCT_CATEGORY('FusionComponent',
'FusionComponent',(#2434));
#2431=APPLICATION_PROTOCOL_DEFINITION('international standard',
'automotive_design',2009,#2432);
#2432=APPLICATION_CONTEXT(
'Core Data for Automotive Mechanical Design Process');
#2433=PRODUCT_CONTEXT('part definition',#2432,'mechanical');
#2434=PRODUCT('2026-09-26-23-21-08-085','FusionComponent',$,(#2433));
#2435=PRESENTATION_STYLE_ASSIGNMENT((#2436));
#2436=SURFACE_STYLE_USAGE(.BOTH.,#2437);
#2437=SURFACE_SIDE_STYLE('',(#2438));
#2438=SURFACE_STYLE_FILL_AREA(#2439);
#2439=FILL_AREA_STYLE('Steel - Satin',(#2440));
#2440=FILL_AREA_STYLE_COLOUR('Steel - Satin',#2441);
#2441=COLOUR_RGB('Steel - Satin',0.627450980392157,0.627450980392157,0.627450980392157);
ENDSEC;
END-ISO-10303-21;
